companyname,industry,tagline,description,city,zipcode,address,tel,fax,url,mail,president,contact,establishment,year_capital,n_employees,message,srcurl,amount_sales,main_client,start_business,office,branch,shop,start_branch,headoffice,oversea_branch,tel2,fax2
株式会社アイケープラスト,プラスチック,国内シェアNo.１のチルドコーヒー飲料容器！,プラスチック食品容器製造,敦賀市,914-1041,敦賀市莇生野62号56番地の2,0770-24-2281,0770-24-2291,https://www.ikplast.co.jp/,info@ikplast.co.jp,代表取締役社長 生駒 哲也,総務部総務課,2005年,"2,000万円",320名,弊社は、母体が横浜市にある企業です。分社化して敦賀市に進出して以来、福井県、敦賀市、美浜町には大変お世話になって参りました。地元で入社してもらった従業員、支えて頂いた地元企業様とともに引き続き地元行政に貢献して参ります。また弊社の主力製品である機能性食品容器を通して、食の安全と保存性を更に探求し、食品流通業界の発展にも貢献して参ります。,http://info.pref.fukui.jp/tisan/sangakukan/jitsuwafukui/housing/73.html,,,,,,,,,,,
株式会社アートファイネックス,ICT（情報通信技術）,産業、医療、公共で多くの実績を有する無線通信技術,・RFID製品の設計、開発、販売、サポート・電子回路の設計、開発、販売・組込みソフトウエア設計、    開発・制御システムの設計、開発・導入事例    入退室管理、登下校メール配信システム、    複合機個人認証、医療検体管理、劇薬管理、    医療チューブ個体管理、電子マネー用途、    カーシェアリング、電子機器認証、介護向け管理、    鉄道車両位置管理、医療機器所在管理、他,鯖江市,916-0037,鯖江市上河端町6-1-33,0778-54-8085,0778-54-8092,https://artfinex.co.jp,info@artfinex.co.jp,代表取締役 三好 寛明,ICT事業部 営業部 部長 池田 岳,2011年11月,"5,000万円",24名,企業のICT導入による経営の効率化の要求は益々増加しています。弊社では、RFIDを基軸に無線デバイスを応用したソリューションに注力しております。ホームページにも多くの活用事例を掲載しておりますので、ぜひご覧ください。,http://info.pref.fukui.jp/tisan/sangakukan/jitsuwafukui/city/154.html,7億円,岡本無線電機㈱、加賀電子㈱、㈱サトー、ダイトロン㈱、大日本印刷㈱、凸版印刷㈱、トッパンフォームズ㈱、ネクスティエレクトロニクス㈱、日揮グローバル㈱、村田製作所グループ、菱電商事㈱、ほか,,,,,,,,,
株式会社アイシン福井,機械・金属,ものづくりを通して鍛え続けてきたコア技術,オートマチックトランスミッション（AT）部品ハイブリッドトランスミッション部品電動駆動ユニット（eAxle）部品の開発および製造,越前市,915-8520,越前市池ノ上町38,0778-25-6611,0778-25-6665,https://www.aisin-fukui.co.jp,,取締役社長 桑山 善成,総務部 三田村 祐美子,1983年3月,"20億5,775万円","3,224名",私たちは、アイシングループの一員として“移動”に感動を、未来に笑顔を。の経営理念のもと、これまで培ってきたモノづくりの技術と技能に一層の磨きをかけ、電動化・カーボンニュートラルに挑戦し、働く仲間も幸せを感じられる企業であり続けるため、サスティナブルな未来社会づくりに貢献してまいります。,http://info.pref.fukui.jp/tisan/sangakukan/jitsuwafukui/car/087.html,"1,570億円",株式会社アイシン2022年3月末現在,,,,,,,,,
アイテック株式会社,化学,機能めっき・装飾メッキ技術で世界をリード表面処理のプロ集団,表面処理業およびメガネ枠の企画・販売・（貴金属めっき（メガネ枠）・プラチナめっき（電極・メガネ枠））・電着塗装、溶接塗装（メガネ枠、家電品筐体）・イオンプレーティング（メガネ枠・スポーツ用品など）,鯖江市,916-0016,鯖江市神中町2-6-8,0778-52-8647,0778-51-4136,https://www.eyetec.co.jp/,kurizuka@eyetec.co.jp,代表取締役社長 黒田 優,表面処理事業部 営業部部長 栗塚 明彦,1948年,"9,500万円",200名,当社は昭和23年に、眼鏡フレームの産地である福井県鯖江市で創業しました。表面処理加工メーカーとして眼鏡業界と共に成長し、装飾面だけではなく、機能面でも優れた表面処理技術の開発に取り組み、家電製品やスポーツ用品をはじめとした眼鏡業界以外の分野にも積極的に進出し、実績を積んで参りました。今後も、様々な分野でのめっき加工にご奉仕します。,http://info.pref.fukui.jp/tisan/sangakukan/jitsuwafukui/sports/053.html,"33億1,500万円",㈱シャルマン、㈱メガネトップ、㈱ナカニシビジョン、日本シャフト㈱、藤倉ゴム工業㈱ 他,,,,,,,,,
青山眼鏡株式会社,眼鏡,確かな技術とデザインの融合挑戦し続けるメガネフレームメーカー,眼鏡枠・サングラス・老眼鏡・ファッショングラスの企画、デザイン、製造、販売,鯖江市,916-8505,鯖江市神中町2丁目3-30,0778-54-8054,0778-54-8065,https://aoyamaopt.co.jp/,info@aoyamaopt.co.jp,代表取締役社長 青山 嘉彦,石田 和也,1964年,"9,360万円",170名,当社の企業理念は「眼鏡を通して、人が、明るく、快適な人生を送るお手伝いをする。」です。メガネを使う人（ユーザー様）だけでなくメガネの企画開発に関わる人（社員）、メガネを製造する人（取引メーカー様）、メガネを販売する人（小売店・問屋様）など当社に関わる全ての人達の人生を明るく快適にする事を目指しています。,http://info.pref.fukui.jp/tisan/sangakukan/jitsuwafukui/fashion/124.html,45億円,眼鏡市場、弐萬圓堂、和真、しまむら、セブン＆アイホールディングス,,,,,,,,,
株式会社アサヒオプティカル,眼鏡,世界に先駆けて眼鏡用高屈折率プラスチック製薄型レンズを製造,プラスチックレンズおよびガラス製眼鏡レンズ/光学レンズの製造販売、輸入、輸出、特殊加工/眼鏡レンズ用ハードコート液の製造販売・屈折率1.74/1.67/1.60UV3Gプラスチックレンズ・屈折率1.74/1.67両面非球面プラスチックレンズ・屈折率1.74/1.67/1.60累進プラスチックレンズ・屈折率1.74/1.67/1.60バイフォーカルプラスチックレンズ、単焦点プラスッチクレンズ など,鯖江市,916-0038,鯖江市下河端町47-26,0778-54-9001,0778-54-8888,https://www.asahi-lite.co.jp,ysaitoh@asahi-lite.co.jp,代表取締役社長 酒井 順二,技術部部長 酒井 貴浩,1980年12月,1億円,100名,従来の低・中屈折率樹脂レンズに比べて「軽く、薄く、そして靭（強）い」高屈折率樹脂レンズの新時代の幕を拓いたのは当社です。,http://info.pref.fukui.jp/tisan/sangakukan/jitsuwafukui/fashion/125.html,26億円,国内大手チェーン店、中小規模眼鏡小売店 他,,,,,,,,,
稲山織物株式会社,繊維,災害時の避難所などでの安眠確保に貢献する多機能マットを開発,合繊織物の企画開発、製造、販売・スポーツ衣料・ユニフォーム衣料用機能性素材・婦人衣料用高感性素材,大野市,912-0053,大野市春日64-50,0779-66-3360,0779-66-1780,http://www.inayama-enashop.com,info@inayama.co.jp,代表取締役社長 稲山 幹夫,財経総務課 課長 松本 成樹,1963年1月,"5,000万円",60名,長時間の避難生活による体力消耗が原因で起こる二次被害が問題となっており、もしもの時に防災アイテムを備えているかどうかが運命の大きな分かれ目となります。当社が長年にわたり培ってきた織物のテクノロジーを活かしたこの製品により、二次被害防止に貢献したいと考えています。,http://info.pref.fukui.jp/tisan/sangakukan/jitsuwafukui/city/020.html,"5億5,000万円",伊藤忠商事㈱、帝人フロンティア㈱、三菱レイヨン㈱、各地方自治体 他,1932年11月,,,,,,,,
井上商事株式会社,機械・金属,お客様と社会にいつも小さな感動を,アルミ外装建材「シルバーライン」の製造販売（エキスパンション、手すり、軒先製品、笠木、ソーラーフレーム、ノンシールパネル ほか建築）資材の販売・施工（ALC工事、耐火被覆工事、現場発泡ウレタン吹付工事、各種セメント ほか）環境エネルギー関連商品販売（産業用燃料、LPガス、太陽光発電ほか）サービスステーションの運営（福井県内に4カ所運営）,福井市,910-0859,福井市日之出2-1-6,0776-27-8380,0776-27-4581,https://www.inoue-s.co.jp/,,代表取締役社長 井上 繁,総務部 松浦 奈々恵,1947年,1億円,171名,技術力を高め独自性ある『ものづくり』を行うことをモットーにしています。お客様からの要望や期待を形にして特徴ある製品を作り出すことと併せ、新商品開発にも当社メカトロ開発部の技術が盛り込まれています。,http://info.pref.fukui.jp/tisan/sangakukan/jitsuwafukui/city/088.html,"118憶8,500万円（2020年度実績）",㈱LIXIL、YKK AP㈱、太平洋セメント㈱、大成建設㈱、大和ハウス工業㈱,,,,,,,,,
井上リボン工業株式会社,繊維,リボン、ストレッチテープ、ニットテープの専門メーカ,細幅織物製造・ 衣料資材（インナー、アウター、スポーツ）・ラッピング用リボン・工業資材用テープ,越前市,915-0243,越前市千原町2-6,0778-43-0810,0778-43-0807,https://www.telala.com,info@telala.com,代表取締役社長 井上 博之,企画 吉本 千絵,1963年8月,"4,000万円",140名,当社はアウター、インナー、スポーツ衣料品用の副資材テープ・リボンと、産業資材テープのメーカーです。今回初めて、これらのテープ・リボンを使用したインテリアグッズの最終商品に挑戦しました。,http://info.pref.fukui.jp/tisan/sangakukan/jitsuwafukui/housing/021.html,,,,,,,,,,,
岩崎工業株式会社,機械・金属,除雪装置を装備した除雪トラックを日本各地の道路、空港などに供給,除雪トラック、スノープラウなどの設計、製造（除雪トラック、除雪トラック用除雪装置、その他除雪装置、照明車）,福井市,910-0017,福井市文京1丁目37-6,0776-73-2256,0776-73-3212,https://www.iwasaki-kogyo.co.jp,sales@iwasaki-kogyo.co.jp,代表取締役 岩﨑 茂雄,総務部 岩﨑 真喜子,1952年6月,"3,000万円",47名,今後も、除雪機械という特殊な製品を主に、市場ニーズに応えた製品づくりに励んでいきたいと考えています。,http://info.pref.fukui.jp/tisan/sangakukan/jitsuwafukui/city/089.html,"31億3,200万円",国土交通省、防衛省、東・中・西日本高速道路㈱、各県・市・町・村、UDトラックス㈱ 他,,〒919-0614 あわら市伊井60-24-1,,,,,,,
ウラセ株式会社,繊維,ポリエステル繊維のフォーマルブラック染色加工で国内シェアN o . 1,各種繊維素材の染色、機能加工（衣料、インテリア、産業資材、スポーツ資材）各種繊維製品の企画、販売衣料、インテリア用繊維素材の加工技術開発産業資材の高機能加工技術、用途開発,鯖江市,916-8550,鯖江市神中町2-7-40,0778-54-8000,0778-54-8040,http://www.urase.co.jp,info@urase.co.jp,代表取締役社長 松田 徹,常務取締役開発本部長 米澤 弘修,1970年12月,"3億6,000万円",226名,糸染会社として創業し、染色の中でも特に婦人衣料を中心に、業界ナンバーワンの技術力を持っています。日本から繊維産業が減少する中、多くの「匠の技術」は未だ我社に健在です。,http://info.pref.fukui.jp/tisan/sangakukan/jitsuwafukui/fashion/022.html,75億,帝人グループ各社、クラレグループ各社、ユニチカグループ各社、蝶理㈱ 他,1918年,,,,,,,,
株式会社エイチアンドエフ,機械・金属,F U K U I から、世界へ圧倒的スケールのモノづくり,自動車業界向け大型プレス機械およびFAシステム製品（自動化装置）の開発・設計、製造、販売、アフターサービス,あわら市,919-0695,あわら市自由ケ丘1-8-28,0776-73-1220（代）,0776-73-3055,https://www.h-f.co.jp,info-general@h-f.co.jp,取締役社長 山田 烈史,総務・企画部長 河崎　透,1964年8月,"10億5,500万円",420名（2022年3月末現在）,福井県で50年以上モノづくりを進めてきた技術力とチャレンジ精神をベースに、新たな製品を生み出し続け、スケールの大きなモノづくりを世界に広めています。,http://info.pref.fukui.jp/tisan/sangakukan/jitsuwafukui/car/090.html,145億円（2022年3月末現在）,自動車メーカー各社、自動車部品メーカー各社、プレス金型メーカー各社 等,,,〒919-0723 あわら市熊坂130字,,,,,,
永平寺サイジング株式会社,繊維,通気性、体圧分散機能に優れた、軽量のクッション材を開発,合繊製品の製造、販売（原糸生産、撚糸、整経、織布、仕上げ、縫製を行う一貫製造）,永平寺町,910-1212,吉田郡永平寺町東古市2-22,0776-63-2203,0776-63-7025,http://www.eiheiji-sizing.co.jp,info@eiheiji-sizing.co.jp,代表取締役 河合 国昭,同　上,1963年5月,"7,000万円",25名,21世紀は繊維の時代と考えています。開発技術によって、豊かな時代に繊維が活躍する時がやってくると信じています。イノベーションによって生まれた当社の繊維素材は、多くのユーザーに安心と安全、健康と癒しを提供できるものと確信しています。,http://info.pref.fukui.jp/tisan/sangakukan/jitsuwafukui/housing/023.html,,,,,,,,,,,
株式会社エコ・プランナー,機械・金属,環境分野を得意とする建設コンサルタント,環境、公園、光修景、克雪、利雪、上下水道施設、新エネルギーなどの調査、企画、設計、施工管理・環境教育、コンピュータソフト開発など・オゾン水処理システムの開発、設計・工場廃水処理（水性塗料、クーラント他）・ライニング地中熱冷暖房システム開発（NEDO）,福井市,918-8026,福井市渕2-1811,0776-33-2166,0776-33-2168,http://www.eco-planner.co.jp,charrette@eco-planner.co.jp,代表取締役 安本 悟司,磯野 泰子,1998年4月,"1,000万円",9名,当社は、融雪、水道施設および公園緑地設計などの環境分野を得意とする建設コンサルタントです。近年は、再生可能エネルギーであり、CO2も削減できる廉価な地中熱冷暖房システムの開発や、高濃度オゾン水処理装置にも力を入れています。これからも生活を快適に、環境負荷が少なくなるような技術を提案していきたいと思います。,http://info.pref.fukui.jp/tisan/sangakukan/jitsuwafukui/city/091.html,,官公庁、建設コンサルタント他,,,,,,,,,
株式会社エツミ光学,化学,主要メーカーの携帯電話部品へコーティングする真空蒸着技術,各種工業部品への真空蒸着・光学レンズ への真空蒸着・サングラス用レンズの加 工・サングラス組み立て・マーキング （レーザー・印刷）,大野市,912-0437,大野市中据32-10-7,0779-66-2434,0779-66-4287,https://etsumi-opt.co.jp/,motomoto@etsumi-opt.co.jp,代表取締役社長 小林 和宏,技術営業取締役 柳原 雅夫,1973年7月,"3,000万円",180名,眼鏡レンズから始まった当社は現在、金属やプラスチック、布など他素材とコラボレーションすることで新たな素質が現れてきています。「独創企業エツミ光学」をモットーに、高度な技術、開発力を追及し、お客様の満足向上に努めます。,http://info.pref.fukui.jp/tisan/sangakukan/jitsuwafukui/smartphone/054.html,18億400万円,ナカニシオプティカル㈱、㈱乾レンズ 他,,,,,,,,,
株式会社エヌエム,伝統工芸・その他,自動車、船舶、建築物などに採用環境に優しい最先端ナノテクコート,特殊高圧洗浄コーティング機の開発、販売バリアクリスタル専用特殊セラミック、洗浄液およびコーティング補助液の開発、販売,福井市,918-8238,福井市和田2丁目2013番地,0776-24-3428,0776-24-3150,http://www.watercoat.co.jp,webmaster1@watercoat.co.jp,代表取締役社長 松井 正己,専務取締役 高橋 重喜,1990年10月,"9,200万円",10名,バリアクリスタルは、弱アルカリイオン水をベースに洗浄・コーティングを行うもので、作業中・作業後も安全で環境に優しいシステムとして、これからの時代に相応しい環境商材です。今後、積極的にアピールしていきたいと考えています。,http://info.pref.fukui.jp/tisan/sangakukan/jitsuwafukui/car/164.html,,,,,,本格カーケア専門店 バリアクリスタル福井TEL：0120-24-3421URL：http://b-crystal.jp,,,,,
株式会社NCC,化学,世界初のイオンプレーティング加工技術で国内シェアＮ ｏ ． １,表面処理業（イオンプレーティング加工による真空メッキ処理）,鯖江市,916-1105,鯖江市吉谷町2-97,0778-52-9077,0778-52-9078,https://www.ncc-japan.com,,代表取締役 安田 憲生,経営戦略室 北出 正章,2005年2月,"1,500万円",14名,イオンプレーティング処理はNASAの技術からスタートした無公害の真空メッキ技術です。環境に優しい技術を通して、地球のエコ活動にも貢献してまいります。,http://info.pref.fukui.jp/tisan/sangakukan/jitsuwafukui/car/055.html,"1億8,000万円",京都機械工具㈱（KTC）、三菱鉛筆㈱、カイインダストリーズ㈱、㈱モリタ製作所、㈱内山溶接工業、上原ネームプレート工業㈱ 他,,,,,,,,,
株式会社エムエーツール,機械・金属,超硬ソリッドメタルソーの国内最小刃厚2 0 μ を実現,切削工具の製造、販売超硬ソリッドメタルソー・超硬スリッターナイフ・超硬セラミックスペーサー・超硬キーシードカッター,福井市,918-8188,福井市三尾野町1-1-18,0776-33-7580,0776-33-7270,http://www.matool.jp,info@matool.jp,代表取締役社長 松本 博一,営業リーダー 松本 勝也,1987年4月,"2,000万円",20名,高精度、高速加工が可能な超硬ソリッドメタルソーの製造が得意で、ユーザーの加工条件を考慮したものを制作いたします。特に極薄刃厚最小20μから制作可能です。精密切断加工、溝加工でお困りの方、ぜひ、ご連絡ください。,http://info.pref.fukui.jp/tisan/sangakukan/jitsuwafukui/machine/092.html,,自動車部品関連各社、パソコン・家電製造関連会社 他,,,,,,,,,
株式会社オーエムエンジニアリング,電気・電子,空冷式焼バメ装置を製造する国内唯一のメーカー,電気精密機器装置の製造、販売・高周波誘導加熱装置の製造設計・各種銀ロウ材 ・インバータ溶接機,鯖江市,916-0022,鯖江市水落町1-14-21,0778-52-4456,0778-51-4446,,,代表取締役 島田 治,同　上,2003年1月,"1,000万円",3名,マシニング装置の品質性能向上のために、金型業界にもコスト、加工精度、短納期の意識が要求され、当社の活躍のフィールドは広がっていると考えます。本技術を応用して、他業界で利用されるよう努力していきたいと考えています。,http://info.pref.fukui.jp/tisan/sangakukan/jitsuwafukui/car/138.html,1億円,㈱聖和精密工機、㈱大進研究所工業、㈱シル化成 他,,,,,,,,,
株式会社大阪合金工業所,機械・金属,りん銅地金の世界シェア30％国内シェア100％,合中間合金地金の製造、販売（りん銅、りんニッケル、りん鉄、りん錫、けい素銅、マグネシウム銅、マンガン銅、鉄銅、ニッケル銅 など）銅および銅合金鋳造品・加工品の製造、販売（超電導線材用ブロンズ、ＯＭアロイ鋳造品（耐摩耗性銅基合金）など）,福井市,910-3138,福井市白方町45-5-9,0776-85-1811,0776-85-1313,http://www.osakagokin.co.jp,info@osakagokin.co.jp,代表取締役社長 水田 泰成,総務部長 亀谷 政浩,1949年7月,"6,100万円",47名,今後も絶えず生産の合理化を図り、使っていただく方が満足し喜んでいただける良質で多様な銅合金鋳物および非鉄中間合金地金を安定的に提供することに全力を傾けていきます。,http://info.pref.fukui.jp/tisan/sangakukan/jitsuwafukui/housing/093.html,"49億7,000万円",㈱神戸製鋼所、古河電気工業㈱、NJT銅管㈱、三菱マテリアル㈱、JX金属㈱ 他,,,,,,,,,
大阪特殊合金株式会社　勝山工場,機械・金属,黒鉛球状化剤などの鋳鉄用添加剤の国内トップメーカー,鋳鉄添加合金事業（球状化剤、接種剤、強度アップ剤などの製造、販売）製鋼添加剤事業（脱ガス剤、ワイヤー添加剤の製造、販売）,勝山市,911-0831,勝山市遅羽町千代田34-2,0779-87-0201,0779-87-0205,https://otg.co.jp,,代表取締役社長 宮脇 成志,総務課 竹内 厚司,1961年5月,3億円,120名（うち勝山工場 80名）,現代社会はまさに日進月歩。目まぐるしいスピードで進化していますが、この文明がある限り、鉄や金属が世の中からなくなることはありません。その中で、今日も私たちは生きていきます。昭和36年に大阪で創業した「大阪特殊合金株式会社」は、鋳鉄用添加剤、鋳鉄用球状化剤・接種剤をつくるメーカーとして、このニッチな業界でいちばん長い歴史を誇ります。創業者である父の代から、長い年月と数々の経験によって培った「メイド・イン・ジャパン」のクオリティ、トップシェアは、どこにも譲れません。合金というと、ロボットのようなものを思い浮かべる人も多いかもしれませんが、みなさんの暮らしを支える私たちの仕事は、直接目には見えません。しかも、そのつくり方は教科書にもない、ネットにさえ答えが載ってないものづくりの世界。自分でトライアンドエラーをくり返して、昨日よりも今日、今日よりも明日、少しずつよいものをつくっています。よりよい日本の未来に向けて、私たちはこれからも、無限の可能性を秘めた「合金」と、真摯に向き合ってまいります。,http://info.pref.fukui.jp/tisan/sangakukan/jitsuwafukui/car/094.html,"180億6,500万円",トヨタ自動車㈱、日産自動車㈱、本田技研工業㈱、新日本製鐵㈱、JEFスチール㈱ 他,,,,,1971年10月（勝山工場）,,,,
株式会社オーディオテクニカフクイ,電気・電子,外部に話の内容が漏洩する恐れのない赤外線コードレスマイクロホンの国内シェアNo.1,オーディオテクニカブランド及びOEM先ブランドのマイクロフォン、ヘッドフォン、その他AVアクセサリーの設計開発・製造。OEMビジネスとしてレーザー応用機器の設計開発・製造。,越前市,915-0003,越前市戸谷町87-1,0778-25-6700,0778-25-6702,https://www.audio-technica.fukui.jp,,代表取締役社長 松下 和雄,管理部総務課マネージャー 東 大輔,1970年10月,"5,000万円",196名,歴代オリンピック大会では、千数百本のオーディオテクニカブランドの各種マイクロホンシステムが、競技場のいろんな音を拾うために使用されました。非常に名誉なことだと感じております。これを機として、より一層魅力的な商品の開発に努め、今後ともブランド力を着実に高めていきたいと存じます。,http://info.pref.fukui.jp/tisan/sangakukan/jitsuwafukui/culture/139.html,54億円,㈱オーディオテクニカ 他,,,,,,,,,
小野谷機工株式会社,機械・金属,国内唯一のタイヤサービス機械メーカー,タイヤサービス関連機器製造、販売（タイヤ交換機、ホイールバランサー、リフトジャッキ、エア充填機）廃タイヤ処理関連機械製造、販売（タイヤ切断機、タイヤ破砕システム）,越前市,915-0801,越前市家久町63-1,0778-22-2124,0778-24-5533,https://www.onodani.co.jp,info@onodani.co.jp,代表取締役社長COO 宇田 公郎,販売促進部 部長 杉本 和則,1971年11月,"6,800万円",180名（グループ合計380名）,国内唯一のタイヤサービス機械メーカーとして、ユーザーが求めている理想をカタチにする企画・開発型企業として、高性能で高付加価値のある製品の研究・開発を進めてまいります。また、タイヤ一筋に関した業を行うONODANIグループの総力を結集した事業展開を推し進めてまいります。,http://info.pref.fukui.jp/tisan/sangakukan/jitsuwafukui/car/095.html,35億円,各タイヤ販売会社・その他地区販売店,,,,,,,,,
有限会社小畑製紙所,伝統工芸・その他,ホログラム入り和紙を製造できる全国３社の中の１社,製紙業・透かし、ホログラム入り和紙（局紙）・各種鳥の子紙・透かし入り卒業証書,越前市,915-0234,越前市大滝町23-22,0778-43-0338,0778-43-0337,,,代表取締役 小畑 明弘,同　上,1963年7月,380万円,8名,当社の製品は、局紙（有価証券用紙）だけでなく、鳥の子紙、大礼紙でも６色オフセット印刷が可能です。,http://info.pref.fukui.jp/tisan/sangakukan/jitsuwafukui/housing/166.html,,,,,,,,,,,
小浜製綱株式会社,繊維,県内唯一の繊維ロープ総合メーカー,繊維ロープの製造、販売・天然、合成繊維ロープ・繊維製ネット・魚網・繊維製ベルト,小浜市,917-0026,小浜市多田3-10,0770-56-1234,0770-56-1160,http://www.obamarope.co.jp/,info@obamarope.co.jp,代表取締役社長 木下 善裕,同　上,1944年1月,"5,000万円",80名,常識にとらわれない姿勢を大切にしていきたいと考えます。また、これまでの経験で、ものづくりとはメーカーのみが考えるものでなく、ユーザーと一体で作り上げてこそ初めて「役に立つ商品」になるということ知りました。今後もこの姿勢を大切にしていきたいと思います。,http://info.pref.fukui.jp/tisan/sangakukan/jitsuwafukui/city/024.html,"19億4,600万円",伊藤忠商事㈱、日祥㈱、防衛省、海上保安庁、国内主要船舶会社 他,,,,,,,,,
オフロム株式会社,電気・電子,赤外線センサで暮らしの安心を支える,セキュリティセンサなどの製造・ 赤外線、レーザーなどを応用した各種検知センサ・アミューズメント関連機器,福井市,910-3608,福井市三留町72-10,0776-98-3800,0776-98-4545,https://www.ofrom.com,ofrom.co.ltd@ofrom.com,代表取締役社長 笈田 寿宏,EMS営業部 石川 真人,1983年5月,"2,000万円",96名,センサにて培った技術を活かし、様々なお客様のEMS戦略をサポートしております。大LOTから小LOT、大型製品から小型製品、生産受託のみから設計/部品手配/製造納品まで幅広くご要望にお応えします。また、グループ工場を利用した海外生産展開にも対応可能です。,http://info.pref.fukui.jp/tisan/sangakukan/jitsuwafukui/housing/140.html,36億円,オプテックス㈱、オプテックスFA㈱、ライブロックテクノロジーズ㈱ 他,,,,,,,,,
カイノス株式会社,機械・金属,ビールや清涼飲料水などのボトリングラインを展開する専門メーカー,飲料・食品用搬送システムの設計、製作、据付（コンベヤ、倒立検瓶機、エアーコンベヤ、リフター（ロワレーター）、分割装置、転倒殺菌装置、汎用クーラー、パレタイザー など）,坂井市,910-0383,坂井市丸岡町長崎1-80-2,0776-67-4100,0776-67-4105,https://www.kinos.co.jp/,inf-eigyo@kinos.co.jp,代表取締役 木下 修一,営業または総務,1963年10月,"3,200万円",85名,製品ハンドリングの技術により、より良く、より信頼のおける、より付加価値の高いコンベヤラインを提供し続けることを念頭に製品づくりに励んでいます。また、専門メーカーとして経験・知識などをお客様のニーズに反映できればと思いますのでトラブル、お困りごとの声もぜひ、お聞かせくださ,http://info.pref.fukui.jp/tisan/sangakukan/jitsuwafukui/machine/099.html,"23億3,700万円",三菱重工機械システム㈱、三友機器㈱、四国化工機㈱、㈱エヌテック,,,,,,,,,
株式会社カズマ,繊維,「新しいカーテンの形」を提案 ～スマートにファブリックを楽しむ～,・カーテンを中心としたホームファッション商品の企画・製造・販売、およびOEM事業・オリジナル雑貨ブランドの企画・製造・販売・ＤＴＰ（インクジェット）事業・中国での直営店事業,福井市,910-0123,福井市八重巻町105,0776-56-4006,0776-56-4007,https://e-kazuma.jp,h-noguchi@kkkazuma.co.jp,代表取締役社長 数馬 亜季子,塚本 陽加,1984年,"6,300万円",280名,カーテンとはECO商品そのものであり、地域貢献業種でもあります。さらにファッション的要素も高く、まさに時代の最先端産業であります。日中交流での補完関係・二軸連携体制の元、生地生産から小売までのグローバル一貫生産販売を可能としております。,http://info.pref.fukui.jp/tisan/sangakukan/jitsuwafukui/housing/025.html,"60億7,400万円",ニトリ、カーテンじゅうたん王国、カインズ,,,,,,,,,
株式会社金津技研,電気・電子,電子部品の自動組み込み工程を支える,電子部品製造、エンボスキャリアテープの製造、販売製造工程受託、専門技術者派遣,あわら市,919-0812,あわら市柿原45-76-1,0776-73-0898,0776-73-0892,http://www.kanazu-g.com/,office@kanazu-g.com,代表取締役 伊藤 憲治,ET営業課 伊藤 慧,1973年,"3,000万円",180名（グループ全体380名）,当社には、プラスチックテープを高精度で連続成型加工する技術があります。電子部品の用途以外にも応用できそうな製品があれば、是非当社までお問い合わせください。金属加工部品をエンボスキャリアテープに包装し、組立工程の自動化に活用するといった事例があります。,http://info.pref.fukui.jp/tisan/sangakukan/jitsuwafukui/smartphone/142.html,,各電子部品メーカー,,,,,,,,,
カワイローラ株式会社,機械・金属,Changes forthe Best Qualityキャリヤローラ製造国内シェアトップクラス,コンベヤ部品の設計・製造・販売LED販売・設置,永平寺町,910-1141,吉田郡永平寺町松岡領家11-52,0776-61-3522,0776-61-3523,http://www.kawai-roller.co.jp/,,代表取締役 河合 昭宏,総務部・経理 十佐近 みゆき,1921年9月,"5,500万円",67名,よりよい労働環境を追求し、人材に応じた新たな部門を設けるなど、社員がキャリアアップを目指せる体制を構築しており、実際に未経験から20代で役職に就いた方もいます。新工場も拡張し、今後、技術力・生産力に、より一層のブラッシュアップを図ってまいります。,http://info.pref.fukui.jp/tisan/sangakukan/jitsuwafukui/machine/096.html,"9億7,000万円",㈱マキテック、ホクショー㈱,,,,,,,,,
株式会社川鋳,機械・金属,国内シェアN o . 1ターボ冷凍機の圧力容器を1 0 0 ％ 供給,産業機械、工作機械の鋳物部品の鋳造,坂井市,919-0483,坂井市春江町石塚28-31,0776-51-1369,0776-51-4696,http://www.kawa-chu.com,info@kawa-chu.com,代表取締役社長 川上 裕之,同　上,1972年4月,"4,000万円",,現在では普通鋳鉄に代わり、強度の高い球状黒鉛鋳鉄が要求されています。当社においては、他社で製造不可能なものを受け入れ、最高の技術をもって、あらゆる角度から球状黒鉛鋳鉄分野の開拓をしていきたいと考えています。,http://info.pref.fukui.jp/tisan/sangakukan/jitsuwafukui/city/097.html,"5億6,000万円",三菱重工業㈱,,,,,,,,,
株式会社ＫＡＮＺＡＣＣ,電気・電子,めっき・電線・金属管加工技術で“ 新しい” のその先へ～100年の歴史を未来へ繋ぐ～,非鉄金属製造業,坂井市,913-0031,坂井市三国町新保97字港13,0776-81-2288,0776-82-6429,www.kanzacc.co.jp,hiroshi.minamiguchi@furukawaelectric.com,代表取締役社長 墨谷 義則,技術開発部長 南口 博,1920年1月,7億2千75万5千円,100名,当社は３つの事業（電線・めっき・金属管）のみならず、新たに導電性繊維などの新たな事業にチャレンジしており、お客様のジョブを解決することを第一にご提案を続けております。お客様の信頼は当社の歴史や綿々と育まれた高い技術力はもちろんですが、「人」がこれらを作り上げていきます。キラキラ輝く未来を目指し、明るく楽しく元気よくさらなる人財の育成に大きな力を注ぎ、皆様のお役に立てる企業を目指して参ります。,http://info.pref.fukui.jp/tisan/sangakukan/jitsuwafukui/car/143.html,"2,861百万円(2021年3月期)",パナソニック㈱、北陸電力㈱、古河AS㈱、古河エレコム㈱、古河産業㈱,,,,,,大阪市中央区久太郎町2-1-30 船場ダイヤモンドビル14階,,,
カンボウプラス株式会社　福井工場,化学,自然と環境にやさしく、高い機能性を持つキャンバス（膜材）を提供,ファイバー（繊維）とプラスチック（樹脂）の複合化によるキャンバスの製造、販売（工事用養生シート・軒だしテント地・テント倉庫用シート）・婦人衣 料用高感性素材,鯖江市,916-0015,鯖江市御幸町1丁目1-48,0778-51-6112,0778-51-6307,https://kanbo.co.jp,romu@kanbo.co.jp,福井工場長 北田 和之,管理部長 木村 吉年,1939年3月,"10億2,030万円",160名（うち福井工場：115名）,当社は、一級建築士も在籍しており、看板をはじめシート素材に関する建築の設計から施工までお客様のニーズに対応できる体制となっています。当社の製品について、設計や加工技術に対する問合せや、興味のある方の連絡をお待ちしています。また、当社は、ポリエステル生地をはじめとした色々な生地に、色々な機能性プラスチックを塗布またはラミネートすることができます。今後は多様なニーズに対応できるよう、加工技術のレベルアップを進めていきます。,http://info.pref.fukui.jp/tisan/sangakukan/jitsuwafukui/city/056.html,85億円,帝人フロンティア㈱、ユニチカ㈱、㈱クラレ、キョーワ㈱,,,,,1972年9月（福井工場）,,,,
株式会社ギケン,機械・金属,「バリ取り不要」従来の常識を覆す製品開発を実現,「ハイブリッドドリル　ゼロバリ」の開発、製造、販売・切削工具の再研磨および加工、製作,坂井市,910-0381,福井県坂井市丸岡町舟寄9-3-1,0776-66-2200,0776-66-2227,https://www.kk-giken.com,,代表取締役 石川 義一,同　上,2012年9月,100万円,15名（親会社含む）,最近では大手航空機メーカーや自動車メーカーからの引き合いも多く、高い評価を得ています。世界に通じるドリルメーカーとして、今後も新しいドリルや切削工具の開発に挑戦していきます。,http://info.pref.fukui.jp/tisan/sangakukan/jitsuwafukui/machine/098.html,"6,300万円",㈱東京山勝、㈱サカイ、㈱テヅカ、吉岡幸㈱,,,,,,,,,
ギャレックス株式会社,繊維,"体育衣料国内シェア第2位全国約6 , 0 0 0 校で採用",スクール・スポーツウェア、カジュアルスポーツウェアの製造、販売 など・「GALAX」「FILA」「SPALDING」ブランドのスクール・スポーツウェア・カジュアルスポーツウェアの製造、販売・有名スポーツブランドのOEM生産・丸編ニット生地,越前市,915-0803,越前市平出1-12-22,0778-23-1100,0778-23-7721,https://www.galax.jp,info@galax.jp,代表取締役社長 金巻 賢哉,管理グループ総務チーム 竹澤 和弘,1963年3月,1億円,270名,当社は、学校体操服分野では独自の商品開発のもと「生地作りから最終製品」までの一貫体制を基盤に、全国の学校に納品されご愛顧いただいています。また、カジュアルスポーツウェアの分野ではスポーツ著名ブランドやカジュアルメーカーの基幹工場として各メーカーと太いパイプを築いています。,http://info.pref.fukui.jp/tisan/sangakukan/jitsuwafukui/sports/026.html,100億円（グループ）,東レ㈱、帝人フロンティア㈱、KBセーレン㈱、クラレトレーディング㈱、伊藤忠商事㈱ 他,,,,,,,,,
清川メッキ工業株式会社,化学,自由なる創意の結果が、大いなる未来を拓く,めっき加工、表面処理,福井市,918-8515,福井市和田中1丁目414,0776-23-2912,0776-21-7402,https://www.kiyokawa.co.jp/,,代表取締役社長 清川 肇,技術部 課長 児玉 清人,1963年3月,"4,000万円",330名（グループ全体）,当社は、ISO9001、ISO14001を業界に先駆けて取得。2014年度には第5回「日本でいちばん大切にしたい会社」大賞において、中小企業庁長官賞を受賞しました。これからも、他社にないめっき技術で、最先端製品をお客様と共に開発し、社会に貢献していくことを目指しています。,http://info.pref.fukui.jp/tisan/sangakukan/jitsuwafukui/car/057.html,70億円,大手電子部品メーカー、大手半導体メーカー、医療機器メーカー,,,,,,,,,
株式会社クナプラス,繊維,丸ごと土に還る、ポリ乳酸繊維を使ったエコバッグを開発,繊維製品などの製造、卸売および小売,あわら市,919-0812,あわら市柿原63-85-1,0776-73-3997,0776-73-0093,http://knaplus.com,knaplus@knazs.com,代表取締役 京野 尚美,同　上,2008年12月（金津繊維㈱から独立して㈱クナプラスを設立）,200万円,5名,「knaplus」とは、kanazu-seni（金津繊維）とNature（自然）に、さまざまなヒトとコトが＋αされて作られたことの意味です。平成20年末に㈱クナプラスとして独立し、心機一転して福井の高度な技術を活かしたものづくりを発信していきたいと思っています。展示会に積極的に出品するなど国内外にアピールし続けていきたいと考えています。,http://info.pref.fukui.jp/tisan/sangakukan/jitsuwafukui/fashion/027.html,,,,,,,,,,,
倉茂電工株式会社,電気・電子,大正８ 年創業　時代の変化に対応する電線・ケーブルメーカー,"電線・ケーブルの製造・移動配線用ケーブル(VCT,VCTF)・通信ケーブル(産業用イーサネットケーブル、産業用ネットワークケーブル、通信用屋内配線、LANケーブル)・電線加工商品(水中ポンプケーブル、水位制御用フロートスイッチ、コネクタ付きケーブル)など",越前市,915-0855,越前市下平吹町10-9,0778-22-1500,0778-22-3111,http://www.kuramo.co.jp,engineer@kuramo.co.jp,取締役社長 田中 利則,技術部長 大和 範勝,1934年4月,1億円,180名,産業用ロボットなどの可動部分に使われる耐久性の高いケーブルをはじめ、工場内での配線に必要な様々なケーブルを取り揃えています。今後もお客様のニーズに合わせ様々な環境に適した製品をご提供して参ります。,http://info.pref.fukui.jp/tisan/sangakukan/jitsuwafukui/machine/143.html,59億円(令和2年10月期),,,,,,,,,,
クラレファスニング株式会社　丸岡工場,繊維,面ファスナーの国内シェアN o . 1 を誇るリーディングカンパニー,面ファスナーおよび関連製品の製造、開発、販売・織製面ファスナー「マジックテープ®」・ 成形面ファスナー「マジロック®」およびその関連商品注：「 マジックテープ®」「マジロック®」は㈱クラレの登録商標です。,坂井市,910-0273,坂井市丸岡町長畝56,0776-67-1940,0776-67-2895,http://www.magic-tape.com,,代表取締役社長 小林 敬幸,取締役丸岡工場長 奥野 敏明,1988年12月,1億円,,国内事業を取り巻く環境、社会のニーズが大きく変化しつつある21世紀。当社は、業界のリーディングカンパニーとして、地球環境に配慮した商品の開発をはじめ、より良い社会に貢献する製品・サービスの創造に力を注いでいきます。また、国内シェアナンバーワンを誇り、今や面ファスナーの代名詞ともなっている｢マジックテープ®｣は、当社の代表製品です。通常の織製面ファスナーはもちろん、両面タイプ、樹脂による成形タイプなど、当社の先進技術から生み出された数々の製品が、あらゆる産業分野で活躍しています。,http://info.pref.fukui.jp/tisan/sangakukan/jitsuwafukui/car/028.html,,,,,,,,,,,
光生アルミニューム工業株式会社　福井製作所,機械・金属,トヨタ、ホンダなどの純正品ホイールやオリジナルホイールを製造発,アルミホイール、自動車重要保安部品、各種機器およびその部品の製造、販売,福井市,910-3133,福井市石新保町28-69,0776-85-1081,0776-85-1082,http://www.koseijp.co.jp/,,取締役社長 松田 冬樹,福井総務課 主幹 岩田 仁美,1950年6月,"1億9,950万円",372名（福井製作所社員数）192名,近年、自動車を取り巻く技術革新は目覚しいものがあります。特に地球環境保全について、アルミ合金による軽量化・リサイクル技術がその中心的役割を果たさなくてはなりません。当社の使命がそこにあると強く自覚し、研究開発や生産活動に取り組んでいきたいと考えています。,http://info.pref.fukui.jp/tisan/sangakukan/jitsuwafukui/car/100.html,103億円,トヨタ自動車㈱、ダイハツ工業㈱、ホンダ技研工業㈱ 、スズキ㈱,,,,,1990年3月（福井製作所）,,,,
株式会社光洋 若さ工場,伝統工芸・その他,介護現場用紙おむつ国内シェアトップクラス日本で唯一の大人用紙おむつ専門メーカー,大人用紙おむつ ディスパースオンリーワンシリーズの製造,若狭町,919-1552,三方上中郡若狭町　　　　　 若狭テクノバレー1号堤3-2,0770-62-1877,0770-62-1878,https://www.koyo.jp,,代表取締役社長 高木 孝昌,工場長 鑑継 武久,2016年9月（分社化実施）,"4,800万円",70名（若さ工場）,光洋ーディスパースは、「オンリーワンケア」という４つのコンセプトで、「排泄で悩む人がなくなる未来」を目指します。Ⅰ　「ご利用者ファースト」の考え方に基き開発される製品Ⅱ　革新をもたらすためのアイデアと技術Ⅲ　プロであり続けるための研鑽と教育貢献Ⅳ　オンリーワンの人生を支える奉仕の精神,http://info.pref.fukui.jp/tisan/sangakukan/jitsuwafukui/medical/165.html,,全国の介護施設・病院,,,,,,,,,
株式会社こおろぎ社,伝統工芸・その他,世界のトッププロも絶賛するKOROGIブランドのマリンバ,楽器製造業・マリンバ・シロホンなど木琴類・グロッケン・ビブラフォンなど鉄琴類・小物打楽器類,越前町,916-0144,丹生郡越前町佐々生38-9-1,0778-34-2333,0778-34-2687,http://www.korogi.co.jp,front@korogi.co.jp,代表取締役社長 斎藤 宰,同　上,1949年,"1,960万円",24名,KOROGI社が最高の品質とリーズナブルな価格をともに実現している業界屈指の優良企業であることを世界中に知ってもらいたい。そしてKOROGIブランドを最も信頼できる強いブランドに育てたいと思っています。,http://info.pref.fukui.jp/tisan/sangakukan/jitsuwafukui/culture/167.html,4.4億円,全音楽譜出版社、YAMAHA SHOPS、HAO SHENG MUSIC(台湾)SEOUL PERCUSSION(韓国)PUSTJENS PERCUSSION(オランダ)PERCUSSION SOURCE(米)　他,,,,,,,,,
小杉織物株式会社,繊維,浴衣帯の製造国内シェアN o . 1年間約1 5 0 万本を製造・出荷,合繊浴衣帯、和装小物などの製造卸・袋帯、単帯、結び帯・帯飾り、伊達締め合繊シャガード広巾織物・金ラン、振り袖帯、インテリア、カーシート、産業資材,坂井市,910-0303,坂井市丸岡町猪爪5-3-1,0776-66-0255,0776-66-0231,,ksgormn@fc4.so-ne.jp,代表取締役 小杉 秀則,同　上,1937年,"1,000万円",115名（グループ全体）,当社の袋織（円筒状）技術を活かし、今後の事業展開として、ゴムベルトやゴムホース（自動車関連や建設資材関連）などの構成部材への展開を検討しております。関連する企業や興味のある企業の方は是非一度ご連絡ください。,http://info.pref.fukui.jp/tisan/sangakukan/jitsuwafukui/fashion/029.html,17億円,㈱丹羽幸、木村実業㈱、京都丸紅㈱ 他,,,,,,,,,
株式会社コバード,機械・金属,パン生地で具材を包む包成機の世界トップ企業,食品自動機械の開発、製造、販売包餡機（一連、二連、三連、四連式）、充填成形機、蒸練機、かい式練機、マジックハンド、米飯成形機、ピザ成形装置、きんつば焼機 など,坂井市,919-0411,坂井市春江町藤鷲塚36,0776-51-5100,0776-51-5103,http://www.kobird.co.jp,,代表取締役社長 小林 博紀,専務取締役 吹上 透,1884年,"2,500万円",70名,独自の特許技術を多く保有し、自動化目的だけでなく、美味しい、手作り品質の食品製造機械を積極的に開発し、全国そして世界の食文化の発展、更に食の安全安心に貢献したいと思います。,http://info.pref.fukui.jp/tisan/sangakukan/jitsuwafukui/machine/101.html,,大手製パン会社、和洋菓子製造業、蓄肉加工業、魚肉加工業、コンビニ向けベンダー 他,,,,,,,,,
株式会社コンベックス,眼鏡,レンズの未来を追求色を濃くせず、高い偏光度を保った偏光レンズを開発,プラスチックレンズの製造、販売・医療用プラスチックレンズ・サングラスレンズ,鯖江市,916-0019,鯖江市丸山町3丁目4-23,0778-52-6700,0778-52-1316,http://www.combex-net.co.jp,t-nishi@combex-net.co.jp,代表取締役 西方 俊陽,同　上,1947年9月,"3,000万円",24名,まだまだ偏光レンズはマイナーな存在ですが、性能を極めていくと、目の疲労を軽減する大きな可能性を秘めています。今後も新しいニーズに対応できるように開発をしていきたいと考えています。,http://info.pref.fukui.jp/tisan/sangakukan/jitsuwafukui/sports/126.html,"4億5,600万円",伊藤光学工業㈱、日本レンズ工業㈱、国内眼鏡卸店、国内眼鏡小売店 他,,,,,,,,,
サカイオーベックス株式会社,繊維,中層型浮魚礁の国内シェアNo. 1,各種繊維品の染色、機能性加工アパレル、テキスタイルの企画、製造、販売医療資材の製造、販売魚礁など水産資材、環境資材の製造、販売炭素繊維織物の製造、販売,福井市,918-8530,福井市花堂中2丁目15-1,0776-36-5800,0776-36-5827,https://www.sakaiovex.co.jp/,info@sakaiovex.co.jp,代表取締役社長 松木 伸太郎,水産資材事業部 青山 勧,1891年,"46億5,504万円","487名（グループ1,018名）",当社は、独自の繊維加工技術を水産資材や環境保護に応用し、回遊魚を対象とした浮魚礁のほか、ナイロン糸を直毛した沈設型人工魚礁、水辺環境の保護に貢献する植物育成床（浮島）など、水産資源を育み、地球環境を守る取組みを推進しています。,http://info.pref.fukui.jp/tisan/sangakukan/jitsuwafukui/city/030.html,"218億9,735万円",沖縄県、和歌山県、高知県、鹿児島県　他,,,,,,,,,
酒井化学工業株式会社,プラスチック,暮らしを包み、未来を拓くプラスチック製包装資材メーカー,産業用プラスチック製品の製造販売,鯖江市,916-0088,鯖江市川去町32字2-1,0778-62-3700,0778-62-3701,https://www.sakai-grp.com,,代表取締役社長 酒井 清章,営業本部 久嶋 かおり,1963年,"9,750万円",627名(グループ全体),常に創意工夫と積極果敢の精神で仕事に取り組み、業界のリーディングカンパニーを目指すとともに、社員にとって、生きがいと働きがいのある職場づくりを行っています。企業の根幹は、人材です。,http://info.pref.fukui.jp/tisan/sangakukan/jitsuwafukui/housing/072.html,236億円(2022年度),高島㈱、東神物産㈱、旭洋㈱、㈱八木熊、旭化成㈱ 他,,,,,,,,,
株式会社サカイ・シルクスクリーン,伝統工芸・その他,日本全国に設置実績。ユニバーサルデザインにも対応する高品質なサイン（案内板や誘導標）を企画・製造,各種サインの企画、製造、施工・各種案内板（解説板・誘導板）・ユニバーサルデザインサイン（点字・音声・LED導光板サイン）,永平寺町,910-1135,吉田郡永平寺町松岡室26-3,0776-61-6336,0776-61-6850,http://www.susnoaa.com/,,代表取締役社長 谷口 祥治,森、谷口,1975年4月,"1,000万円",27名,当社はユニバーサルデザインを目指し、できるだけ多くの人々が解りやすく、気持ちよく利用できる「サイン」を考えて製品造りを追求していきたいと考えています。,http://info.pref.fukui.jp/tisan/sangakukan/jitsuwafukui/city/168.html,"3億6,000万円",西日本旅客鉄道㈱、公民営鉄道各社、鉄道関連工事会社、各種サイン製作会社、官公庁関連 他,,,,,,,,,
サカセ・アドテック株式会社,繊維,伝統技術からハイテク素材を生み出す宇宙用構造材料を手掛ける研究開発型企業,三軸織物の製造、販売・人工衛星、宇宙探査機、観測ロケット用の搭載器・建築内装成形品・釣り竿、陸上シューズ等のスポーツ用品用材料,坂井市,910-0363,坂井市丸岡町下安田14-10,0776-66-2115,0776-66-0173,https://www.sakase.co.jp,,代表取締役社長 酒井 慶治,専務取締役 酒井 良次,1988年2月,"5,000万円",18名,スポーツ用具/建築内装関係から宇宙用機器まで、高性能を追求される先端分野において顧客ニーズと社会に貢献する、小さくとも価値を創造する企業を目指す研究開発型企業です。,http://info.pref.fukui.jp/tisan/sangakukan/jitsuwafukui/aerospace/031.html,5億円,伊藤忠商事㈱、東レ㈱、三菱ケミカル㈱、国立研究開発法人宇宙航空研究開発機構,,,,,,,,,
サカセ化学工業株式会社,プラスチック,医療用キャビネット、カートの国内シェアN o . 1,医療用キャビネット・カート、医療用具、各種プラスチック、ゴム、木、ステンレス、アルミ製品の企画・開発・設計・製造・販売,福井市,910-0147,福井市下森田町3-5,0776-56-1122,0776-56-3698,https://www.sakase.com,info@sakase.com,代表取締役社長 酒井 哲夫,未来創成本部 本部長代理 木谷 佳敬,1962年1月,"9,600万円",170名,スーパーエンジニアリングプラスチックのことなら、ぜひ、当社にお問い合わせください。各分野の方からのご連絡をお待ちしております。,http://info.pref.fukui.jp/tisan/sangakukan/jitsuwafukui/medical/073.html,26億円,村中医療器㈱、㈱トーショー、㈱村田製作所、アズワン㈱ 他,,,,,,,,,
株式会社桜川ポンプ製作所　福井事業所,機械・金属,水中技術で課題解決水がある時だけ運転する機能を持った水中ポンプを発明,水中ポンプの製造、販売（建設用水中ポンプ、設備用水中ポンプ、エンジンポンプ、プールクリーナ、水中攪拌機、噴水、水流機）,坂井市,913-0038,坂井市三国町テクノポート2-5-5,0776-82-7862,0776-82-7938,https://www.sakuragawa.co.jp/,,福井事業所長 岩田 友典,管理本部 営業企画課 小田 伸一郎,1953年9月,"5,875万円",95名（うち福井事業所：40名）,当社スローガンを着実に実施し、静電容量式自動運転ポンプＵＥＸ型の市場への浸透と拡大を図るとともに、設備用ＵＯＸ、ＤＯＸ型を新発売して、工場設備の用途開発を進めます。,http://info.pref.fukui.jp/tisan/sangakukan/jitsuwafukui/city/102.html,24億円,㈱アクティオ、㈱荏原製作所、アイム機械㈱,,,,,1992年12月,,,,
株式会社三景,繊維,アパレル業界のものづくりをトータルサポート＜ MADE by SANKEI ＞【三方よし】＜売り手よし　買い手よし　世間よし＞,服地、裏地、芯地、ファスナー、ボタン等、衣料資材ならびに、アクセサリー、スカーフ、ファッションベルト、バッグ等の服飾衣料資材のトータル生産・販売,坂井市,913-0037,坂井市三国町黒目21-7-4,0776-81-6830,0776-81-6845,https://www.sankeicoltd.co.jp/,hokuriku-kanri@sankeicoltd.co.jp,代表取締役社長 大口 和男,管理部門 財務経理部 小濱 孝,1955年10月,1億円,"1,930名",【私たちはアパレル業界のものづくりを支えるトータルサプライヤーとして挑戦を続けます】①メーカーとしての責任と誇りを持ち創造力を結集し、業界の発展に貢献しよう②フェア･クリーンであることを基本とし信頼･信用を築き続けよう③国境、世代を越え、より広いフィールドで活動しよう④地球環境、ビジネス環境、生活環境に向き合い、持続可能で豊かな未来をつくろう➄関わるすべてのひと･もの･ことへの思いやりを持ち、幸せの循環を私たちからはじめよう以上５つの指針を元に企業経営を行っています。,http://info.pref.fukui.jp/tisan/sangakukan/jitsuwafukui/fashion/32.html,"29,600百万（2021年3月期 連結）",㈱オンワード樫山、伊藤忠商事㈱、日鉄物産㈱,,,,,,〒135-0062 東京都江東区東雲1-7-12 KDX豊洲グランスクエア6F,,,
株式会社サンルックス,眼鏡,プラスチックレンズ一筋、１００％メイドインジャパン品質,視力補正用プラスチックレンズの製造、販売,鯖江市,916-0019,鯖江市丸山町3-5-25,0778-52-1311,0778-52-9277,https://www.sunlux.jp,,代表取締役社長 長谷 仁,管理部 次長 若吉 和也,1978年7月,"4,500万円",75名,日本の視力補正用プラスチックレンズ製造の草分けとなった会社を前身として、今年で創業44年になります。日本最大のキャスティング工場から、日本製のレンズを提供し続け、これからも、より豊かな暮らしを営めるよう皆様の生活に役立っていきます。,http://info.pref.fukui.jp/tisan/sangakukan/jitsuwafukui/fashion/127.html,18億円,東海光学㈱,,,,,,,,,
三和メッキ工業株式会社,化学,技術的に困難な硬質アルマイト処理後の着色処理を実現,各種めっき加工（硬質クロム・ニッケルクロム・アルマイト・硬質アルマイト・無電解ニッケル・亜鉛めっき・黒染・リューブ・バフ研磨・ナシジ）,福井市,918-8063,福井市大瀬町5-30-1,0776-23-1639,0776-27-4726,http://www.sanwa-p.co.jp,info@sanwa-p.co.jp,代表取締役社長 清水 栄次,同　上,1969年2月,"1,000万円",30名,世の中に存在する色（白以外）は着色することが可能です。色による識別や、多彩な色彩による他の製品との差別化が可能となります。,http://info.pref.fukui.jp/tisan/sangakukan/jitsuwafukui/car/060.html,"5億5,000万円",YKK㈱、㈱石川製作所 他,,,,,,,,,
有限会社シザーズ内山,伝統工芸・その他,世界理容競技大会日本代表選手も使用する精巧なハサミ,理容･美容ハサミの製造、販売,大野市,912-0014,大野市中保5-1-5,0779-65-3847,0779-65-4828,http://www.scissors-uchiyama.com,,代表取締役 内山 喜晴,,1988年7月,500万円,5名,当社のハサミを求めてくださるお客様方に、本当に心からご満足いただき、深い愛着を持っていただけることを第一に考えています。技術に終わりはありません。他では真似できない技術、今までにない製品の開発を常に考えて真摯に取り組んでいます。,http://info.pref.fukui.jp/tisan/sangakukan/jitsuwafukui/fashion/170.html,,,,,,,,,,,
株式会社シー・シー・ユー,ICT（情報通信技術）,全国の地方銀行の5行に1行が採用している人事情報システム,パッケージソフトウェアの開発、販売「Fellowship人事」「Fellowship給与」「Fellowship就業」「Fellowship財務」「Fellowship販売/仕入」などクラウドサービスの提供地図連動のスマホ投稿システム「現場ＲＥＰＯ」小規模生産者のこだわり商品をご紹介・販売するネットショップ「北陸eもん」,坂井市,910-0347,坂井市丸岡町熊堂3-1-6-7ソフトパークふくい内,0776-67-6112,0776-67-6114,https://www.ccu.co.jp,ccuml-eigyo@ccu.co.jp,代表取締役 青山 博喜,デザインマーケティング部 山村 健治,1990年11月,"4,800万円",45名,福井人の誠実さとＰＣシステム開発30年の技をお試し下さい。「すべては地球の仲間の為に」が合言葉です。,http://info.pref.fukui.jp/tisan/sangakukan/jitsuwafukui/machine/155.html,"3億5,000万円",全国金融機関 他,,,,,,,,,
株式会社 jig. jp,ICT（情報通信技術）,利用者に最も近いソフトウェアを提供し、より豊かな社会を実現,「ふわっち」等のモバイル向けアプリケーションの企画・開発・提供・「jigブラウザ」携帯電話用のPCサイトブラウザ・「Ichigo Jam」プログラミング専用こどもパソコン・「オープンデータプラットフォーム」自治体向け ASPサービス開発,鯖江市,916-0036,福井県鯖江市横越町10-34-1(本社)東京都渋谷区千駄ヶ谷5-23-5代々木イースト4階,03-5367-3891,03-3350-1043,https://www.jig.jp/,recruit@jig.jp,代表取締役社長 占部 哲之,人事総務 大庭 淳一,2003年5月,"8億7,700万円",70名,携帯電話をパソコン以上に便利に使うツール「jigブラウザ」。実は鯖江市めがね会館にある開発センターで作られています。携帯電話をより高速でより便利なものに…福井の職人の技が活きています。,http://info.pref.fukui.jp/tisan/sangakukan/jitsuwafukui/smartphone/156.html,"89億8,400万円",Apple、Google,,,,,,,,,
シプロ化成株式会社,化学,日本で初めて紫外線吸収剤の開発に成功添加剤分野のリーディングカンパニー,紫外線吸収剤ほかプラスチック添加剤の製造販売,坂井市,913-0036,坂井市三国町米納津49-102-7,0776-82-7211,0776-82-7212,https://www.shipro.co.jp,,代表取締役社長 白石 泰章,管理部 総務課 課長代理 宮川 純一,1966年10月,"9,660万円",110名,紫外線吸収剤を筆頭に、添加剤分野におけるリーディングカンパニーとして、常に高機能な製品を安定して供給してまいりました。今後は次代の人材育成にも注力し、国内外からいただく評価とニーズに応えてまいります。,http://info.pref.fukui.jp/tisan/sangakukan/jitsuwafukui/city/061.html,50億円,三菱ケミカル㈱、BASF、住友化学㈱、三井化学㈱、日華化学㈱ 他,,,,,,,,,
株式会社下村漆器店,伝統工芸・その他,最先端病院給食システムのニュークックチルに対応した漆器,業務用漆器、家庭用漆器全般の製造、販売・IH専用食器・トレー（スーパーエンプラ・機能性コーティング）・陶漆（プラスチック）・游シリーズ（木製漆器）・最高級漆器『極』,鯖江市,916-1223,鯖江市片山町8-7,0778-65-0024,0778-65-2202,http://www.shimomurashikki.co.jp,,代表取締役社長 下村 昭夫,同　上,1962年6月,"1,000万円",13名,評価基準が最も過酷である電子レンジ、オーブンなどの対応食器を筆頭に、スーパーエンジニアプラスチックにおける超耐久性コーティング技術を有しております。また、コーティング技術単独で、色素汚染防止セラミックコーティング技術の実用化検討も行っており、関連分野の方の連絡をお待ちしています。,http://info.pref.fukui.jp/tisan/sangakukan/jitsuwafukui/medical/171.html,,㈱エージーピー、国際化工㈱ 他,1900年,,,,,,,,
株式会社ジャストコーポレーション,プラスチック,レンタルDVD ケースの国内シェアNo. 1,DVDレンタルロックケース、LED照明、名刺・封筒等印刷、DM発送代行、のぼり、店舗備品、ノベルティ関連商品,福井市,918-8216,福井市殿下町46-3,0776-52-7800,0776-52-7801,https://www.just-shop.jp/corp/,info@just-j.com,折藤 寛之,,1988年7月,"1,000万円",147名,世の中になかった「モノ」、喜ばれる「モノ」を創造・提供し豊かな社会の実現に貢献することを企業の目標として掲げています。社会が求める商品に一つ上の価値を提案しワンランク上の豊かさを世界の人々に提供していきます。,http://info.pref.fukui.jp/tisan/sangakukan/jitsuwafukui/culture/76.html,40.3億円,株式会社ゲオ、カルチュア・コンビニエンス・クラブ株式会社、株式会社サイバーネット,,,,,,,,,
株式会社シャトル,伝統工芸・その他,中学校用木工教材の国内シェアNo.1,木材からプラスチック、金属などあらゆる素材を使ったものづくりを展開・ 中学校用木工教材、手打ちそば道具などの木工品・ ゲートボール、マレットゴルフ、ニュースポーツ（スカットボール、オーバルボールなど）用品・精密機械金属部品加工、繊維機械部品（レピアパーツ）,越前市,915-0801,越前市家久町87-21-1,0778-23-1188,0778-22-7091,http://www.shuttle-corp.co.jp,,代表取締役社長 竹内 昭博,同　上,1947年9月,"6,900万円",43名,生徒が楽しく取り組める新しい教材の提供、間伐材や成長の早い再生可能な木材を使用して、教育指導要綱の指導内容に適した教材の供給に心掛けています。,http://info.pref.fukui.jp/tisan/sangakukan/jitsuwafukui/city/172.html,7億円,全国の教材店 他,,,,,,,,,
ジャパンポリマーク株式会社,化学,永久接着のコーションラベルは国内全メーカーの自動車に採用,熱転写ラベルの製造、販売熱転写機器の製造、販売,福井市,910-3607,福井市清水杉谷町45-300,0776-98-2233,0776-98-3888,https://www.polymark.co.jp,,代表取締役社長 久保 浩章,海崎 勲,1985年5月,"6,000万円",133名,グローバルマーケットでの競争に勝っていくには、技術開発がとても重要と考えます。当社は開発型企業として、スタッフの充実を図り、積極的な投資を行って世界中の競合他社の追従を許さない企業を目指したいと考えています。福井をもっと元気に！をモットーに。熱転写ラベルの接着技術で、ブランド価値を高める為、また、商品価値を高める為に、さらに技術力・開発力を向上させ、安定したモノ作りをこの福井で行い、福井から日本へ、そして海外へ、これからも挑戦し続けます。,http://info.pref.fukui.jp/tisan/sangakukan/jitsuwafukui/car/062.html,"21億1,700万円(2019年度実績)",,,,,,,,,,
株式会社シャルマン,眼鏡,地球規模の発想で挑戦総合眼鏡フレームメーカー,メガネフレームのマーケティング、商品企画・開発、デザインから生産、販売までを一貫して手がけ世界100カ国に事業を展開しています。フレーム事業で培った微細加工技術を生かし、先端医療機器の製造・販売も行っております。,鯖江市,916-8555,鯖江市川去町6-1,0778-52-4141,0778-52-5062,https://www.charmant.co.jp,info@charmant.co.jp,代表取締役社長 本庄 正享,R＆D室,1968年,"6億1,752万円",590名,シャルマンはこれからも“ 掛け心地” に妥協しない製品を開発していきます。さらに、医療分野への事業開始に伴い、社内に蓄積された素材に関する技術を活用し、もうひとつの事業の柱にすることを目指しています。,http://info.pref.fukui.jp/tisan/sangakukan/jitsuwafukui/fashion/128.html,177億円,,,,,,,,,,
株式会社ジャロック,機械・金属,スウェージング技術を様々な分野に展開,CNCスウェージングマシンの設計、製造、販売スウェージング部品加工など（スウェージング部品・自動車部品・医療部品／スウェージングマシン向けダイス・治工具／鍛造加工用高性能添加油フォーミングエース）,福井市,919-0321,福井市下河北町22-1,0776-38-6500,0776-38-6200,https://www.jaroc.co.jp,main@jaroc.co.jp,代表取締役 武澤 清則,管理課 竹澤 弘也,1970年7月,"2,000万円",46名,当社は、自社保有の技術を軸とし、業界の発展と関わる全てのお客様の差別化を支援する事をビジョンとしています。仕事を通して社会に期待される会社を全社員一丸となって目指していきます。,http://info.pref.fukui.jp/tisan/sangakukan/jitsuwafukui/car/103.html,,,,,,,,,,,
株式会社秀峰,機械・金属,世界オンリーワンの曲面印刷が、「自動車の室内空間」や「建築部材」を彩る,メガネの加飾、表面処理・自動車内装材、ハンドル、携帯電話への加飾、表面処理・携帯電話へのアンテナ印刷,福井市,919-0327,福井市大土呂町2-5-5,0776-39-0800,0776-39-0700,https://www.shu-hou.co.jp,info@shu-hou.co.jp,代表取締役 村岡 右己,総務部 問井・小林,1983年7月,"4億3,000万円",40名,今まで曲面にダイレクトに精度良く印刷する技術はなく、転写フィルムを使用して加飾するため、コストが高く、模様も限られていました。本技術では１個でも量産と同様の製品ができ、量産コストも非常に安価です。当技術は様々な分野に応用が見込まれます。,http://info.pref.fukui.jp/tisan/sangakukan/jitsuwafukui/smartphone/104.html,10億円,自動車業界、携帯電話業界、パチンコ業界、ゲーム業界、デジカメ業界 他,,,,,,,,,
株式会社白崎コーポレーション,繊維,公共工事に使用される防草シートで高いシェアを獲得,防草シートなどの企画、製造、販売・防草シート、防草緑化シート（彩植兼美、グリーンラップ、チガヤシートなど）・防草緑化資材（VA‒200、チューブ土嚢など）,鯖江市,916-0076,鯖江市石生谷町11-23,0778-62-2800,0778-62-3336,https://www.shirasaki.co.jp,,代表取締役社長 白崎 智之,グリーンナップ事業部 山本 泰久,1955年7月,"9,800万円",139名,チガヤは出芽力が強く、アスファルトも突き破り、破壊力No.1の最強の雑草です。このチガヤを抑えることができることから、「チガヤシート」と名付けました。本製品発売後15年を経過しますが、シートを破って出てきた雑草は皆無です。,http://info.pref.fukui.jp/tisan/sangakukan/jitsuwafukui/city/032.html,42億円,自然応用科学㈱、京阪園芸㈱、㈱石沢商事 他,,,,,,,,,
株式会社SHINDO,繊維,繊維・産業資材・シリコーンのグローバルカンパニー,・産業資材の製造、販売・シリコーン加工品の製造、販売・服飾副資材の製造、販売,あわら市,919-0614,福井県あわら市伊井11-1-1,0776-73-3111,0776-73-4148,https://www.shindo.com,,代表取締役社長 深町 忠則,総務部 三﨑 智史,1978年7月,"3,000万円",242名,当社は産業資材、シリコーン、服飾副資材といった3つの分野を柱に事業展開しており、経済産業省「元気なモノ作り中小企業300社」「グローバルニッチトップ企業100選」に選定されました。これからも異なる3分野を融合し、世界に類を見ない新製品開発に挑んでいきます。,http://info.pref.fukui.jp/tisan/sangakukan/jitsuwafukui/aerospace/033.html,121億円（グループ計）,関東・関西一円の商社・メーカー,,,,,,,,,
進工業株式会社,電気・電子,独創的な技術で市場を開拓する,電子部品の製造・販売,小浜市,917-0028,福井県小浜市野代4号土渕31-2,075-671-7371,075-671-7372,https://www.susumu.co.jp/,Yoshioka.shuji@susumu.co.jp,代表取締役社長 岡本 直用,,1964年7月,"4億9,000万",382名(連結647名),当社は半世紀前から、世界一のナノテクノロジーを用いて、オンリーワンの薄膜抵抗器の研究開発に取組み、それらの製造・販売をしております。従来の製品から、高精度・高信頼・高安定の多岐に渡る分野で使われておりますが、新たに新成長分野として、「次世代移動モビリティー」「次世代型通信分野」「新高度医療分野」にも進出しており、将来的なニーズに応える最先端の技術を世界に提供しています。,http://info.pref.fukui.jp/tisan/sangakukan/jitsuwafukui/smartphone/145.html,63億85百万円(単体)　70億10百万円(連結),,,,,,,京都府京都市南区上鳥羽馬廻シ町14番地,,,
スワン商事株式会社,機械・金属,200件以上の特許を取得し、アルミ製新製品開発を展開,アルミ製建材の製造、販売・アルミ手摺、アルミ笠木・各種折りたたみ戸・アルミ外装パネル・簡易喫煙ボックス・折りたたみゴミ収集箱、温室,坂井市,919-0516,坂井市坂井町福島10-1,0776-67-3011,0776-67-3015,https://www.swan-group.co.jp,info@swan-group.co.jp,代表取締役社長 峰 暢宏,開発部 課長 木下 紀洋,1979年4月,"3,000万円",40名,アルミ製品の命を生かすとともに、それを使用する場所、人々がいかに安全で快適、便利であるかを考え、これまでに200件以上の特許を取得し、明日に向かって更に新製品を生み出し続けています。,http://info.pref.fukui.jp/tisan/sangakukan/jitsuwafukui/city/105.html,6億円,文化シャッター㈱、三洋工業㈱,,,,,,,,,
セーレン株式会社,繊維,夢で世界をかえていく,車輌資材事業（シート材・エアバッグ・加飾パーツ）ハイファッション事業（自社ブランド衣料品、アパレル向けテキスタイル販売）エレクトロニクス事業（電磁波シールド材、インクジェットシステム販売）環境・生活資材事業（建築用資材、インテリア用資材、介護・エコ関連資材）メディカル事業（化粧品）,福井市,918-8560,福井市毛矢1丁目10-1,0776-35-2111,0776-35-2114,https://www.seiren.com,,代表取締役会長 川田 達男,研究開発センター 事業管理部 部長 野形 明広,1889年,"175億2,025万円","1,609名（単体）6,953名（連結）",創業120余年の歴史の中で培われた繊維の技術力を多彩な分野に応用し、21世紀のグッドカンパニーを目指しています。,http://info.pref.fukui.jp/tisan/sangakukan/jitsuwafukui/car/034.html,"492億円（単体）1,097億円（連結）",,,,,,,,,,
セーレンＫＳＴ株式会社,化学,国内唯一のシリコンウェーハ厚膜熱酸化膜加工企業,半導体・光通信用シリコンウェーハ上の各種膜付加工品などの開発、製造、販売,福井市,918-8135,福井市下六条町13-23,0776-41-7333,0776-41-3037,https://www.kst.seiren.com,office-kst＠kst.seiren.com,代表取締役社長 亀井 洋次郎,管理部総務課 新井 恵,1998年5月,1億円,49名,当社の厚膜熱酸化膜加工技術は、他社には真似できない優れた技術と高品質で、国内外の大手半導体デバイスメーカーや光通信デバイスメーカー、研究機関などに採用されています。本技術を用いた膜付ウェーハは、膜厚25μmまで、ウェーハサイズ12インチまで加工可能です。,http://info.pref.fukui.jp/tisan/sangakukan/jitsuwafukui/housing/059.html,"21億8,836万円",NTTエレクトロニクス㈱、住友化学㈱、東京応化工業㈱ 他,,,,,,〒916-0004 鯖江市糺町21-4-8,,,
セーレン電子株式会社,電気・電子,緯糸の布目曲りを検知し、自動的に布目曲りを矯正する装置を開発,繊維産業向けの機械製品の製造、販売 ・布目曲り矯正装置・布蛇行矯正装置・布長さ・反数・密度・巾測定装置・外観不具合計測装置,坂井市,913-0036,坂井市三国町米納津48-113-3,0776-50-1400,0776-50-1401,https://www.seiren-e.com,,代表取締役社長 荒木 道男,総務部長 高橋 信之,1970年10月,"5,000万円",58名,当社は、セーレンが１世紀以上にわたる歴史の中で培ってきた技術を基盤に、独自にエ レクトロニクス技術を創出。幅広い技術領域で、世界のモノづくりをサポートしています。,http://info.pref.fukui.jp/tisan/sangakukan/jitsuwafukui/fashion/144.html,11億円,セーレン㈱、KBセーレン㈱ 他,,,,,,,,,
ゼットクリエイト株式会社武生工場,伝統工芸・その他,プロ野球選手の多くが使用する高精度の木製バットを製造,スポーツ製品の製造野球用バット・ユニフォーム類,越前市,915-0873,越前市池ノ上町93-7-3,0778-23-2800,0778-23-6176,,ko_yamamoto@zett-net.com,工場長 長谷川 正,副工場長 山本 浩司,1979年3月,"9億6,000万円",99名（全社）38名（うち武生工場）,日本プロ野球を筆頭に、国内外のトップ選手にバットを供給、ゼット野球用品の中で、ユニフォームとともにユーザーから高い評価を得ております。,http://info.pref.fukui.jp/tisan/sangakukan/jitsuwafukui/sports/173.html,"4億5,000万円(武生工場のみ)",㈱UACJ金属加工、YKKファスニングプロダクツ販売㈱、中日本ジューキ㈱、㈱マークス 他,,,,,,大阪市天王寺区烏ヶ辻1-2-16,,,
株式会社セルフネン,化学,植物資源を1 0 0 ％ 活かす不燃化技術で植物資源素材に高付加価値を,不燃木材、不燃処理和紙等の不燃化素材の製造販売不燃化技術の研究開発製材、木工、木材乾燥、木材防腐防蟻処理,坂井市,910-0303,坂井市丸岡町猪爪5-114,0776-67-1135,0776-68-0610,,info@cellfunen.co.jp,代表取締役社長 浅野 成昭,宮地 めぐみ,2013年2月,100万円,8名,現在、世界中が木造建築ブームで、高層の木造建築物が各国で建てられています。しかし、表面の木材が燃えても心材の木材に支障がなければ避難時間を確保できるとの考え方で建てられており、木材の表面が燃えるという問題はクリアされておりません。そのため実際の火災時には延焼し、大きな被害が出ることが容易に想像できます。セルフネン技術は、世界初で唯一火災にならない技術であり、真の安全安心な木造耐火高層建築物が可能となります。,http://info.pref.fukui.jp/tisan/sangakukan/jitsuwafukui/housing/64.html,,建設会社、工務店、木材・木製品製造業者、建材店等,,,,,,,,,
大八化学工業株式会社　福井工場,化学,非ハロゲン系難燃剤の世界シェアNo. 1,可塑剤、難燃剤を主とする有機化学薬品の製造、販売・可塑剤（フタル酸エステル類、二酸基酸エステル類など）・難燃剤（ リン酸エステル類（RDP、BPADP、PX-200など）・金属抽出剤（ホスフォン酸エステルなど（PC-88A））,福井市,910-3138,福井市白方町テクノポート3丁目1-2,0776-85-1191,0776-85-1190,http://www.daihachi-chem.co.jp,,工場長 金原 真司,事務課主査 西口 仁勝,1919年,"8億2,500万円",60名（福井工場）,ニーズに対応した多様な商品群をラインアップしていますが、このPX-200は粉体商品であり、樹脂加工段階での取り扱い易さで、特に設備面での余分な投資を避けることができます。今後は環境問題対策に重点を置き、新商品開発を進めていきます。,http://info.pref.fukui.jp/tisan/sangakukan/jitsuwafukui/housing/064.html,174億円（令和2年3月期）,北村化学産業㈱、長瀬産業㈱、新和産業㈱、帝人化成㈱ 他,,,,,1993年9月（福井工場）,,,,
高嶋技研株式会社,機械・金属,高速自動検査装置のプロフェッショナル,非破壊検査装置・素材分類処理装置の開発、製造、据付工事、ラベル検査装置、X線入味検査装置、印刷検査装置、実瓶異物検査システム、X線異物検査装置、X線入味・キャップ締付検査装置、実瓶外観検査装置、キャップ外観検査装置、X線撮像測定装置、近赤外線材質分類装置、木材用X線検査装置、木材外観検査装置など,あわら市,919-0614,あわら市伊井15-1-1,0776-74-0880,0776-89-0550,https://www.takashima-giken.co.jp,tgk@takashima-giken.co.jp,代表取締役社長 松澤 郁夫,営業・CS部 村上 志郎,1964年6月,"4,500万円",40名,高嶋技研は、独創的な技術力と装置を創り上げる開発力をもとに、お客様のご要望、ニーズに応える先進的な製品をご提案し、世の中に送り続けて参りました。中でも、立体展開検査方式ラベル検査装置は、自信を持ってお薦めする検査装置です。そのほか自動検査に関するご相談も是非お寄せください。,http://info.pref.fukui.jp/tisan/sangakukan/jitsuwafukui/machine/106.html,,飲料・酒類・食品・医薬品製造業、包装容器製造業、非鉄・鉄鋼製品製造業、IHIグループ 他,,,,,,,,,
株式会社武田機械,機械・金属,国内シェアNo.1金型用プレートの側面加工を高精度で行う機械を開発,工作機械製造、販売（プレート加工機、フライス盤、インモーションセンタ、油圧内蔵式マシンバイス）,福井市,918-8188,福井市三尾野町1-1-1,0776-33-0043,0776-33-3343,http://www.takeda-kikai.co.jp,main@takeda-kikai.co.jp,代表取締役社長 山口 博徳,管理部 堀江 良裕,1970年8月,"5,000万円",120名,当社は近年オペレーターの求める高い操作性と生産性を実現した門型プレートミルやハイグレード両頭フライス盤などの生産に取り組んでおり、多様化するニーズに積極的に対応します。,http://info.pref.fukui.jp/tisan/sangakukan/jitsuwafukui/machine/107.html,32億円,㈱山善、㈱アマダマシンツール 他,,,,,,,,,
株式会社タケダレース,繊維,インナーウェア用レースで国内シェアNo.1 、世界でもトップクラス,女性インナーウェア用編レースの企画・デザイン、開発、製造、販売,福井市,910-8570,福井市若栄町601,0776-54-3440,0776-54-5348,https://www.takedalace.co.jp,,代表取締役社長 武田 茂,総務 山口 勝之,1969年1月,"8,000万円",110名,インナーレースはタケダレースと呼ばれるほど、日本一、世界でもトップのシェアを誇っています。厳選された素材から、撚糸・編立・染色まで一貫生産し、各工程で各々品質管理を徹底。デザイン、品質そして機能面で最新、最高のレース作りを目指しています。,http://info.pref.fukui.jp/tisan/sangakukan/jitsuwafukui/fashion/036.html,20億円,㈱ワコール、トリンプ、㈱ユニクロ,,,,,,,,,
武生特殊鋼材株式会社,機械・金属,刃物用クラッドメタルのトップメーカー,クラッドメタル（異種金属接合材）、オリジナル刃物鋼（Ｖ鋼）シリーズの受注生産販売、受託加工、クラッドアート,越前市,915-0857,越前市四郎丸町21-2-1,0778-24-3666,0778-24-3719,http://www.e-tokko.com,,代表取締役社長 河野 通郎,総務部 国岡 里衣,1954年10月,"5,000万円",57名,当社は圧延屋であり、クラッド屋と称して主にクラッド材の製造販売を行っています。圧延において、熱間および冷間圧延機を備える圧延屋は全国的にも稀な存在です。“ 限りなくオリジナリティ、限りなく本物志向” を指標に、クラッドメタルを活かした新商品の開発展開を目指しています。,http://info.pref.fukui.jp/tisan/sangakukan/jitsuwafukui/housing/108.html,18億7700万円（令和3年度）,（仕入先）三井物産スチール㈱、日本製鉄㈱ 他（販売先）㈱龍泉刃物、高村刃物製作所 他,,,,,,,,,
タナカ株式会社,伝統工芸・その他,各種蚊帳の生産　国内シェアNo.1,各種蚊帳などの製造・販売・食卓カバー・室内用蚊帳、ベット用蚊帳、大人用蚊帳、　子供用蚊帳、屋外用蚊帳,福井市,910-2173,福井市下東郷町15-45,0776-41-3820,0776-41-3319,https://www.kenko-kaya.com,,代表取締役 田中 源美,営業部 長谷川 瑞恵,1972年9月,"1,000万円",18名,エアコンや蚊取線香を使わないで安眠でき、また、部屋のイメージ作りに蚊帳が見直されています。子供用蚊帳は、エアコンの風が直接体に当たるのを防ぎ、冷え過ぎません。皆様の健康とエコ志向のお役に立てれば良いと思います。各種蚊帳を材料から一貫生産しているのは、国内では当社のみです。,http://info.pref.fukui.jp/tisan/sangakukan/jitsuwafukui/housing/174.html,,,,,,,,,,,
株式会社田中化学研究所,化学,電気自動車を支える二次電池正極材料のパイオニア的存在,二次電池用正極材料の製造販売,福井市,910-3131,福井市白方町45-5-10,0776-85-1801,0776-85-1803,https://www.tanaka-chem.co.jp,,代表取締役 社長執行役員 横川 和史,総務人事部 麻王・西願,1957年12月,"91億5,522万円",342名（2022年9月末現在）,今後は世界各国で厳格化が加速している環境規制への対応や、各国の産業支援策によるEV普及が後押しされる背景より、世界的な需要はさらに継続拡大していくと考えられます。当社は永年培ってきたコア技術と、「お客さまが求める製品を一つ一つカスタムメイドで提供する」という従来から積み重ねてきたスタイルを通じて、より高性能な製品開発、及び製造販売を行い地球環境に貢献してまいります。,http://info.pref.fukui.jp/tisan/sangakukan/jitsuwafukui/car/065.html,405億円（2022年3月期実績）,Panasonic、丸紅、STM,,,,,,,,,
株式会社田中地質コンサルタント,伝統工芸・その他,遺跡や土器を風化から守る保存剤を開発マヤ遺跡に採用,・地質調査、建設コンサルタント、測量・遺跡強化保存剤 TOT販売・遺跡強化保存　・遺跡探査・土壌汚染対策に基づく指定調査機関・物理探査機器販売,越前市,915-0082,越前市国高2-324-7,0778-25-7000,0778-25-7001,https://geology.co.jp/,,代表取締役 田中 謙次,同　上,1965年5月,"1,000万円",26名,土と石造りの遺跡の強化保存剤は、貴重な文化財に使用するため、処理後の色調の変化や照りが生じないことが重要です。TOTはこれらの要件をクリアし、しかも環境に優しい安全な製品です。遺跡保存のほか、伝統的な建築物や構造物などの保存に適しています。,http://info.pref.fukui.jp/tisan/sangakukan/jitsuwafukui/culture/175.html,2億600万円,市町村、埋蔵文化財センター、教育委員会、民間企業、大学、国交省、福井県 他,,,,,,,,,
デンヨー株式会社　福井工場,機械・金属,エンジン発電機の国内シェアNo.1,発電機、溶接機、コンプレッサーなどの製造、販売,若狭町,919-1397,三方上中郡若狭町相田38-1,0770-45-2211,0770-45-9010,https://www.denyo.co.jp,info@denyo.co.jp,代表取締役社長 白鳥 昌一,執行役員 生産部門 生産部門長 宮元 俊樹,1948年7月,"19億5,483万円",546名（うち福井工場：300名）,トップブランドである発電機はもとより、よりローコストでクリーンな家庭用分散型電源など、地球環境の保全と社会的インフラの拡充につながる技術開発をめざしています。今後とも製造、技術、営業、管理の各部門が一丸となって世界を舞台に、デンヨーパワーを発揮してまいります。,http://info.pref.fukui.jp/tisan/sangakukan/jitsuwafukui/city/109.html,"351億1,700万円",（販売）伊藤忠商事㈱、㈱ワキタ（仕入）㈱クボタ、コマツディーゼル㈱,,,,,1976年4月,,,,
株式会社TOKO,機械・金属,国内シェアNo.1。｢イスターカーテン｣は全国の街づくりに貢献しています,ビル・住宅・エクステリア向け建材商品の開発、生産、販売・イスターカーテン ・カーテンゲート・ウインドイスター,鯖江市,916-0062,鯖江市熊田町1-100,0778-62-1122,0778-62-2234,https://www.toko-ss.co.jp/,,代表取締役 佐々木 知也,総務部 川端 理照,1957年12月,"9,800万円",186名,当社は、独創的な発想のメーカーであることに強い信念とこだわりを持っています。主力商品である「イスターカーテン」に代表される「折りたたみ」あるいは「伸縮」構造に関わる技術を新たな用途に活用し、独創性ある新商品開発を探索しています。,http://info.pref.fukui.jp/tisan/sangakukan/jitsuwafukui/city/110.html,"36億6,400万円",三協立山㈱、旭化成ホームズ㈱、㈱LIXIL、YKK AP㈱、㈱テクノアソシエ、㈱丹青社 他,,,,,,,,,
東洋染工株式会社,繊維,今までにない画期的な快適性素材を提案する、合成繊維にうるおい保湿機能を持たせる新たな加工技術,各種繊維製品の染色仕上、整理加工、コーティング加工・衣料資材（ランジェリー、ファンデーション、裏地、芯地、肩パット、インナー用部材）・寝装資材（毛布のヘム、布団カバー、布団裏地）・産業資材（自動車内装材、各種シート材）・その他生活関連、医療・看護用雑貨用資材,坂井市,919-0477,坂井市春江町田端43-15,0776-51-2323,0776-51-5652,http://www.toyo-senko.co.jp/,,代表取締役 山本 隆英,営業部 課長 笹口 和幸,1963年8月,"8,000万円",230名,薄地ニットの染色加工では右に出る企業はないと自負しております。これは徹底した品質管理により実証されており、今後とも新しい技術により社会で認められる新しい価値を提供してまいります。またランジェリー、ファンデーションといったレディスインナー用途は、当社が最も得意とする分野です。これは徹底した品質管理で実証されております。テキスタイルに対しては、今後ますます快適性や幸福感を求められていくと思います。アクアホールはその一つであり、今後とも、新しい技術により社会で認められる新しい価値を提供し続けてまいります。,http://info.pref.fukui.jp/tisan/sangakukan/jitsuwafukui/fashion/037.html,30億円,東レ㈱、日東紡績㈱、伊藤忠商事㈱、丸紅㈱、澤村㈱ 他,,,,,,,,,
常盤商事株式会社,機械・金属,現場に合わせたオリジナルの洗浄機を提案超音波洗浄機製作、メンテナンスのオンリーワン技術,・超音波洗浄機の設計、製作、販売、及びメンテナンス等・洗浄装置に係る周辺機器、部材の販売・各種繊維機械の設計、製作、販売、及びメンテナンス等。また周辺機器、部材の販売,福井市,918-8046,福井市運動公園4丁目202,0776-36-3260,0776-36-6136,https://www.tokiwa-shoji.com,info@tokiwa-shoji.com,代表取締役 藤原 義典,営業技術部 小澤・笠川,1958 年,"1,500 万円",6名,どの業種におきましても、「製品の洗浄」には問題があります。各企業の経営者はお金を使いたくない部分です。しかし、洗浄せずに商品を出荷しますと、マーケットクレームを出しかねない危険性をはらんでおります。当社では、あまりお金をかけない洗浄システムを構築し、お客様のご要望にあわせた仕様で、安価な洗浄装置をご提案させていただきます。,http://info.pref.fukui.jp/tisan/sangakukan/jitsuwafukui/car/111.html,"1億5,000万円",㈱アサヒオプティカル、㈱サンルックス、㈱ホプニック研究所、伊藤光学工業㈱、東レ㈱韓国・未来超音波、中国・臨海M/C,,,,,,,,,
有限会社トップテクノ,電気・電子,開発のスピードとサポート力で、精度を要求される医療分野に実績,各種シートヒーター（面状発熱体）の製造蓄熱式ホットクッションの製造、販売,鯖江市,916-1105,鯖江市吉谷町15-113-1,0778-51-8727,0778-51-8230,https://www.toptecno.co.jp,info@toptecno.co.jp,代表取締役 市野 好一,同 上,1991年7月,300万円,6名,当社の作るヒーターは電気と熱というエネルギーに大きく関わっており、省エネ設計・提案を心がけ、ＳＤＧｓの実践に努めています。お客様からいただく「ありがとう」の言葉は、私たちの次なるステップへの原動力になっています。,http://info.pref.fukui.jp/tisan/sangakukan/jitsuwafukui/medical/146.html,,,,,,,,,,,
株式会社ナカニシビジョン,眼鏡,福井から世界へ。ハイブランド眼鏡をデザイン・製造するグローバルカンパニー。,眼鏡業界に関連した製品の開発、設計、製造、その他サービス,福井市,918-8037,福井市下江守町54-2-27,0776-35-8185,0776-35-8379,https://careers.vision360.jp/,,代表取締役社長 中西 敬一,総務財務部 課長 蓑輪 智史,1977年11月,"5,000万円",245名,福井県に本社を置き、高級タイプからスポーツタイプまで幅広く、数多くの世界的な一流ブランドを手掛けるグローカルカンパニーです。デザイナー・エンジニア・職人・技術者全員が「高品質で美しい眼鏡を作る」という情熱を共有できる環境づくりに取り組んでいます。,http://info.pref.fukui.jp/tisan/sangakukan/jitsuwafukui/fashion/130.html,,㈱ナカニシオプティカル（大阪）NiTec Eyewear (Dalian) Inc.（中国）,,,,,,,,,
ナック・ケイ・エス株式会社,プラスチック,"カーブミラーの国内シェアN o . 1学校などのF R P 製プールは累計1 , 0 0 0 基を全国に納入",FRP成型品の製造、販売（ 道路反射鏡・道路保安用品・FRPプール、FRPタンク・その他FRP成形品）エンジニアリングプラスチック,福井市,910-3145,福井市串野町8-20,0776-83-1188,0776-83-1288,https://www.nacks.co.jp/,postmaster@nacks.co.jp,代表取締役社長 海道 和男,取締役事業部長 三木 三佳,1996年8月,"4,500万円",32名,道路反射鏡（カーブミラー）は日本特有のアイディア商品です。交通安全の一翼を担っていることを自負しながら、顧客からの要望、クレームをバネにその声を形にすることで、新しく、より満足いただける商品づくりを目指していきます。また、プール使用上の安全性などについても十分考慮し、安全で快適なプールをご提供しております。ニーズが多様化する中で、当社の持つ他の分野の技術との融合を図り、お客様にご満足いただける製品を提供していきたいと考えております。ご連絡をお待ちしております。,http://info.pref.fukui.jp/tisan/sangakukan/jitsuwafukui/city/075.html,21億円,日鉄防食㈱（仕入れ）、山宗㈱ 他,,,,,,,,,
株式会社ナ・デックスプロダクツナ・デックスレーザＲ＆Ｄセンター,機械・金属,世界最大のファイバーレーザの高密度エネルギー源で、高出力レーザ加工技術世界一,抵抗溶接制御機器の設計・製造、板金製缶加工設計・製造、精密板金加工及びSUS、アルミ、銅加工、プレス、溶接、塗装、メッキ等表面加工・電子制御機器の製造・販売、電子制御部品の販売、レーザ加工技術の開発,敦賀市,914-0141,敦賀市莇生野62号31番地2,0770-25-2266,0770-25-2267,https://www.nadex-p.jp,npc.info@nadex-p.jp,代表取締役社長  安達 正純,長谷川 博,1969年,"9,835万円",165名,弊社は、ナ・デックスグループの製造部門として、「お客様のものづくりに応えたい」をモットーに、永年多くの国内外のお客様からご愛顧を頂いております。また2013年には、ナ・デックスグループのレーザを利用した加工技術の研究開発を目指して、福井県・敦賀市のご支援と大学・研究機関のご指導を頂きながら、ナ・デックスレーザＲ＆Ｄセンターを設立いたしました。,http://info.pref.fukui.jp/tisan/sangakukan/jitsuwafukui/machine/112.html,"41億9,700万円",村田機械㈱、オークマ㈱、ダイコク電機㈱、住友電気工業㈱、㈱豊田自動織機 他,,,,,,,,,
株式会社西村金属,眼鏡,チタン加工技術を医療用機器や航空・宇宙機部品へ展開,精密部品製造、販売・メガネ部品・医療機器部品・光センサー部品・半導体製造装置部品,鯖江市,916-0019,鯖江市丸山町3丁目5-26,0778-51-2348,0778-52-6946,http://www.nsmr.jp/,nk-net@nsmr.jp,代表取締役社長 西村 憲治,営業部 山岸 亮,1972年4月,"1,500万円",30名,チタンの微細精密な部品を高精度に加工するのが当社の売りです。お客様からのより高度な要求にお応えできるよう、今後も、より小さく、より高精度に！をモットーにチタンの微細精密加工技術に磨きをかけ、皆様のモノづくりのお手伝いをしたいと考えています。関連分野の方の連絡をお待ちしています。,http://info.pref.fukui.jp/tisan/sangakukan/jitsuwafukui/aerospace/131.html,4億円,㈱シャルマン、ニッポー㈱、日信化学工業㈱、山八歯材工業㈱、愛知時計電機㈱ 他,,,,,,,,,
日華化学株式会社,化学,界面科学、毛髪科学を基盤に、人々のサステナブルで豊かな暮らしを支えます,繊維工業用はじめ各種工業用界面活性剤および化粧品の製造・販売・繊維加工用 ・クリーニング用・情報記録紙用 ・製紙用 ・特殊化学品・化粧品,福井市,910-8670,福井市文京4丁目23-1,0776-24-0213（代）,0776-21-9227,https://www.nicca.co.jp,,代表取締役社長 江守 康昌,・防炎加工剤、人工皮革用水系ウレタン樹脂、フッ素フリー系撥水剤　…繊維化学品事業部・ドライクリーニング用洗剤、リネン用液体洗剤　…クリーニング&メディカル事業部 クリーニング事業推進部・ 美容室向けヘアカラー剤　…デミコスメティクスお客様相談室,1941年9月,"28億9,854万5,000円","1,454名（連結）",「世界中のお客様から最も信頼されるイノベーションカンパニー」を目指し、EHD（環境/Ecology 健康/Health 先端材料/Digital）を軸に、未来に向けた様々な挑戦を続けてまいります。,http://info.pref.fukui.jp/tisan/sangakukan/jitsuwafukui/housing/066.html,"484億7,400万円（連結）",興和江守、オー・ジー長瀬カラーケミカル 他,,,,,,,,,
日信化学工業株式会社,化学,未来の素材を化学で拓く　汎用樹脂本来の性能を極限まで大幅にアップする機能性樹脂メーカー,化学製品の製造・販売（塩化ビニル系変性樹脂「ソルバイン」・各種合成樹脂エマルジョン「ビニブラン」・シリコーン・アクリル系ハイブリッド樹脂「シャリーヌ」・アセチレン系化学品「オルフィン」・シリコーン系添加剤「シルフェイス」 など,越前市,915-0802,越前市北府2丁目17-33,0778-22-5100,0778-24-0657,https://www.nissin-chem.co.jp/,h-okuda@nissin-chem.jp,代表取締役社長 宮澤 繕行,研究所・研究所長 奥田 治和,1955年3月,5億円,243名,樹脂の重合技術やブレンド技術など、当社が保有する技術と、当社が扱っている各種製品とを組み合わせ、新しい製品を開発し、将来にわたってオンリーワン、ナンバーワン製品を市場に供給していきたいと考えています。ご連絡をお待ちしています。,http://info.pref.fukui.jp/tisan/sangakukan/jitsuwafukui/housing/068.html,183億円,信越化学工業㈱、ダイキン工業㈱、協栄化成㈱、ZENICHEM 他,,,,,,,,,
日東産業株式会社,機械・金属,ウレタンフォーム加工機の国内シェアNo.1,ウレタンフォームカッティングマシンの製造、販売ウレタンフォームの加工、販売インテリア商品、マットレスの製作,福井市,910-0125,福井市石盛3丁目1714番地,0776-56-2590,0776-56-2591,https://www.nitto-sng.co.jp,kikou@nitto-sng.co.jp,代表取締役社長 三村 節夫,鵜飼 政浩,1958年2月,"1,000万円",30名（パート含む）,当社で製作するウレタンフォームカッティングマシンの各製品は、加工対象がウレタンフォームだけでなく、発泡製品全般に幅広く応用できる可能性があり、新商品開発に貢献できると考えられます。ご連絡をお待ちしています。,http://info.pref.fukui.jp/tisan/sangakukan/jitsuwafukui/housing/113.html,"3億5,000万円",ブリヂストン化成品㈱、㈱イノアックコーポレーション、アキレス㈱、㈱東洋クオリティワン、クラボウ㈱ 他,,,,,,,,,
日東シンコー株式会社,化学,世界シェアNo.1 （駆動用モータの絶縁紙）ハイブリッドカー用のモータ絶縁材料など日東電工グループの電気絶縁材料総合メーカー,各種電気絶縁材料の製造、販売,坂井市,910-0381,坂井市丸岡町舟寄110-1-1,0776-66-1360,0776-67-2250,https://www.nittoshinko.co.jp/,,代表取締役社長 蒔野 直樹,営業統括部カスタマーサポートセンター長南部 智幸,1997年10月,"4億8,250万円",370人（2021年10月）,当社は、これまでに培った「絶縁」技術を発展させ、自動車分野の電動化、省エネルギー技術の革新、再生エネルギーや水素社会の実現、そしてこれからの未来社会に貢献できるよう、社員一同チャレンジしていきます。,http://info.pref.fukui.jp/tisan/sangakukan/jitsuwafukui/car/069.html,162億円,日東電工㈱ 他,,,,,,,,,
株式会社日本エー・エム・シー,機械・金属,パワーショベルなどの油圧配管用継ぎ手の国内シェアNo.1,高圧配管用継ぎ手の製造、販売・ホース用高圧継ぎ手、特殊継ぎ手・ストップバルブ、チェックバルブ・高圧くい込み継ぎ手・くい込み継ぎ手用自動締付機,福井市,910-2222,福井市市波町13-8,0776-96-4631,0776-96-4600,https://www.j-amc.co.jp,,代表取締役社長 北川 浩文,専務取締役 高橋 永,1963年2月,"1億8,550万円",190名,当社は、高圧配管用継ぎ手に特化した専門部品メーカーです。『品質は最大の宝である』をスローガンにして、「多品種・小ロット・短納期」の顧客ニーズ対応と従業員の「働き方改革」の実現をロボット技術とAI・IoTを活用したものづくりにチャレンジしています。,http://info.pref.fukui.jp/tisan/sangakukan/jitsuwafukui/machine/114.html,79億円,小松製作所グループ、住友建機㈱、キャタピラージャパン㈱、コベルコ建機㈱ 他,,,,,,,中国、タイ、フィリピン,,
日本真空化学株式会社,プラスチック,創造と挑戦熱硬化性プラスチック製品づくりに日々挑戦,エンジニアリングプラスチック製造販売アクリルパイプ製造販売機能性浴槽・ＦＲＡスパ製造販売大型トップライト製造販売,福井市,910-3145,福井市串野町20-22,0776-83-1484,0776-83-1282,https://www.s-shinku.co.jp,,代表取締役 海道 直人,専務取締役 海道 幸子,1975年12月,"4,500万円",50名,今後も数々の機能を付加した、より良い製品を提供するとともに、新しい市場の開拓を進めていきたいと考えております。ご連絡をお待ちしております。,http://info.pref.fukui.jp/tisan/sangakukan/jitsuwafukui/city/076.html,10億円,プラスチック加工業者建築建材施工業者,,,,,,,,,
日本ダム株式会社,繊維,織ネーム、プリントネームなどブランドラベルの総合メーカー,プリントネーム、織ネーム、偽造防止製品の製造、販売熱転写マーク、熱転写機器の販売,福井市,910-3607,福井市清水杉谷町45-163,0776-98-2000,0776-98-4133,https://www.nippondom.co.jp/,kinoshita@nippondom.co.jp,代表取締役社長 内山 忍,取締役 営業部長 木下 裕一,1971年12月,"8,060万円",150名,レピア式織ネームの長年の問題を解決するため、今まで色々な方法で取組んできました。この｢かがり縫い｣の発想は、いよいよＰＬ法が施行されるという時に出てきたものです。人は窮地に追い込まれたときに、それを回避する能力を身に着けているものであることを改めて実感しました。また、これまで日本では偽物に対する防衛、排除意識が希薄で、商品の開発と販売のバランスがなかなか取れず、ＰＲ活動に相当な労力が必要でした。今では、知的財産に対する意識が向上しており、製品採用の機会が飛躍的に増えています。,http://info.pref.fukui.jp/tisan/sangakukan/jitsuwafukui/fashion/040.html,,,,,,,,,,,
日本電産テクノモータ株式会社,電気・電子,高効率型空調用ファンモータで世界シェアN o . 1空調用モータのリーディングカンパニー,空調・家電・産業用各種中・小型モータ、電動工具用モータ、モータ応用機器等の開発、製造、販売,小浜市,917-0241,小浜市遠敷36-1-1,0770-60-2111,0770-60-2200,https://www.nidec.com/jp/nidec-technomotor,,代表取締役社長執行役員 廣部 俊彦,総務部長 志村 貢次,2009年,25億円,"2,744名（2022年3月末時点）",モータは世界の電力需要の半分以上を消費するといわれています。当社は、世界中の家電モータをDC化し高効率のDCモータを普及させることにより、省エネの促進や地球環境保護に貢献しています。,http://info.pref.fukui.jp/tisan/sangakukan/jitsuwafukui/housing/147.html,861億700万円（2022年3月期),国内外の主要空調・家電メーカー国内外の機械・工具メーカーおよび商社,,,,,,,,,
日本マイヤー株式会社,機械・金属,ジャカード・ダブルラッシェル機で世界シェアN o . 1,各種経編機械製造、販売・各種レースラッシェル機・トリコット機・整経機・その他準備機器および各種部品,福井市,918-8522,福井市上北野1丁目27-33,0776-54-5500,0776-27-3400,http://www.karlmayer.jp,info.jp@karlmayer.com,代表取締役社長 髙山 裕和,営業部 部長 吉田 維之,1958年3月,"4億9,900万円",63名,当社は、100％外資系の経編（たてあみ）機のメーカーですが、ピエゾ方式によるジャカード機構を備えた編機は当社技術者が考案した基本特許をベースにして開発されました。また、編機の製造、開発だけでなく、当社オリジナル繊維製品を開発して世界の市場に情報を発信しています。,http://info.pref.fukui.jp/tisan/sangakukan/jitsuwafukui/fashion/041.html,,,,,,,,,,,
株式会社ネスティ,ICT（情報通信技術）,総合スポーツクラブシステムの国内シェアNo.1,ソフトウェア開発、販売・Web系およびクライアントサーバシステムの研究・開発・クラウド型システム事業・カスタマイズ型標準システムの開発・販売総合スポーツクラブシステム「PeGasus F1シリーズ」人材ビジネス支援システム「GスタッフNSシリーズ」営業支援システム(SFA)「Gセールス2.0」　など,福井市,918-8114,福井市羽水2-402,0776-35-0505,0776-34-0077,https://www.nesty-g.co.jp/,nesty@nesty-g.co.jp,代表取締役 進藤 哲次,管理部 山下,1983年8月,"4,500万円",89名,当社の規模・立地条件と市場を見極め、マスセールス型商品ではなく、１つ１つのユーザに対応した付加価値の高いシステムソリューションを提供し、きめ細かなシステムサポートを行うことで、顧客満足保証型ビジネスを展開し、顧客拡大に努めています。,http://info.pref.fukui.jp/tisan/sangakukan/jitsuwafukui/sports/158.html,10億400万円,富士通㈱、富士通Japan㈱、三菱電機㈱、三菱電機ITソリューションズ㈱、㈱大塚商会 他,,,,,,,,,
八田経編株式会社,繊維,高密度ニットベロア生地のパイオニア,経編生地の開発、製造・アパレル素材、アウター用生地・自動車内装材　・産業資材,鯖江市,916-0033,鯖江市中野町115-10,0778-52-1200,0778-54-7228,https://www.8ta.co.jp,info@8ta.co.jp,代表取締役社長 八田 嘉一郎,営業部 坪田 達徳,1965年,"4,500万円",80名,ダブルラッセル技術を高度に極めたアパレル向けプレミアムカジュアルなど、こうした商品が育ったのは当社がお客様との製品開発で揺るぎない信頼性を得ているためと考えています。今後もお客様のイメージを具現化する開発チームと高信頼の生産チームで高度な期待に応えてまいります。,http://info.pref.fukui.jp/tisan/sangakukan/jitsuwafukui/fashion/042.html,"7億8,800万円",伊藤忠商事㈱、帝人フロンティア㈱、東レ㈱、澤村㈱、セーレン㈱、クラレトレーディング㈱ 他,,,〒910-4131 あわら市東善寺5-10,,,,,,
浜本テクニカル株式会社,眼鏡,ロー付け工程のないチタン製メガネフレームの国内シェアNo.1,各種高級メガネフレームの製造、販売など・メガネのプレス金型、成形型・メガネ用部品（フロント、テンプル）・メガネ用フレーム（メタル、プラスチック）,鯖江市,916-0016,鯖江市神中町2丁目501-30,0778-52-2067,0778-52-2980,https://www.hamatec.co.jp,info@hamatec.co.jp,代表取締役 浜本 将成,加工部 部長 手塚明彦,1972年9月,"1,000万円",130名,当社は創業以来、技術開発こそが製造業の存立基盤であるとして、不断の努力を積み重ね、人材育成、設備投資に注力してまいりました。その結果「技術の浜本」として高い評価を得ることができ、今日に至っています。今では研究開発をさらに推し進め、眼鏡にとどまることなく、金属精密加工分野へも進出しています。,http://info.pref.fukui.jp/tisan/sangakukan/jitsuwafukui/fashion/132.html,45億円,㈱三城、㈱内田屋、㈱ヤブシタ 他,,,,,,,,,
春江電子株式会社,機械・金属,難易度の高い「手組み工程」の自動化へ挑戦,1. 電子部品（セミコン事業部）・外観検査　・半田ディップ2. 機械設計・製造（FA事業部）・設計・製図請負・製造・生産設備設計/製造/組立・調整,坂井市,919-0461,坂井市春江町江留上緑6-6,0776-51-0582,0776-51-0718,https://www.haruedensi.co.jp,office@haruedensi.co.jp,代表取締役 山口 博司,部長 西髙 広陛,1980年,"1,500万円",39名,ロボット技術を駆使して『人の手でしかできない』をロボットで再現する、また進化させるをテーマに製造現場での自動化、省人化、多品種化に取り組んでおります。,http://info.pref.fukui.jp/tisan/sangakukan/jitsuwafukui/machine/115.html,3億円,アイシンAW-I、デンソー、Canonグループ、パナソニックグループ、福井村田製作所、アムコ—・テクノロジー・ジャパン など,,,,,,,,,
日立造船株式会社 機械・インフラ事業本部システム機械ビジネスユニット 若狭事務所,機械・金属,ラッピングプレート（鋳物研磨定盤）の世界シェアN o . 1,鋳鍛造品、精密機械の製造、販売・ラッピングプレート、低熱膨張鋳物、高抗張力鋳物・液晶ガラスなどの基板研磨機、洗浄機器、成膜装置、搬送装置,高浜町,919-2200,大飯郡高浜町高森2-8,0770-72-7200,0770-72-7201,https://www.hitachizosen.co.jp,,代表取締役 取締役社長 兼 COO 三野 楨男,若狭事業所長 古澤 真治,1986年12月,454億円（全体）,"9,307名（全体）42名（うち若狭事業所）",素材分野から装置分野まで独自技術で貢献することを使命とし、ものづくりで貢献することを基本としています。特に若狭事業所では、鋳造設備、機械加工設備、熱処理設備を充実させています。ハイテク分野に限らず新素材、部材加工などのご要望をお待ちしております。,http://info.pref.fukui.jp/tisan/sangakukan/jitsuwafukui/housing/116.html,,,,,,,2007年7月,大阪市住之江区南港北1丁目7番89号,,,
株式会社ビットブレイン,ICT（情報通信技術）,何事にも挑戦し続けること,・セキュリティ、ネットワーク、ＡＩの研究・開発・リモートアクセス製品の開発・販売・顧客の矛盾を定義して数理解析技術（ＡＩ）を　駆使したモデル開発・適応・運用,福井市,910-0006,福井市中央1丁目3番1号,0776-43-0860,0776-43-0861,https://bit-brain.jp,sales@bit-brain.co.jp,代表取締役 斎藤 智示,,2015年4月,"1,350万円",8名,私たち株式会社ビットブレインは「何事にも挑戦し続けること」を企業理念としています。何事にも挑戦し続けるには、諦めないこと、躊躇しないこと、勇気を持つこと、辛抱強く我慢すること、そして自分を信じ抜くことが大事です。私たちは、東京でも大阪でもない、地方都市福井にあるスタートアップ・ベンチャー企業です。都市部に比べ地方都市は多くのことで不利と思われてきましたが、私たちは地方都市にあるベンチャーでありながらも、自分たちの力で日本の仕組みを変える基盤技術を開発・提供することに成功しています。今では、多くの超有名企業からビットブレインへパートナーの申し入れを頂くようになりました。これまでの常識にとらわれず、新しいことに挑戦すること、それができるなら地方都市であろうがベンチャーであろうが結果を残せるということを実践しています。,http://info.pref.fukui.jp/tisan/sangakukan/jitsuwafukui/medical/162.html,,株式会社EP綜合、福井ネット株式会社（福井銀行グループ）、都築電気株式会社、丸紅情報システムズ（丸紅グループ）,,,,,,,,,
株式会社廣部硬器,窯業,警察、消防署の紋章を開発・製造し国内シェアN o . 1セラミックス蓄光材の先駆者,ダイヤスタイト（セラミックスサイン）警察・消防紋章、校章・校名文字、寺紋・家紋、館名文字、シンボルマーク、陶壁・レリーフ などセラチッコウ（セラミックス蓄光材）セラチッコウ、セラチッコウ点字鋲,福井市,910-0049,福井市深谷町5-15,0776-59-1422,0776-59-1927,http://www.hirobe-kouki.co.jp,d-hirobe@mx4.fctv.ne.jp,代表取締役 廣部 耕一,廣部 すぐ里,1956年,"1,500万円",15名,現在、セラミックス蓄光材だけではなく、日本原子力発電㈱様の委託研究の中で生まれた樹脂蓄光材も製造しております。また、永久的な美しさが続くダイヤスタイト製品は、豊富なカラーがありますので、建物や敷地の雰囲気に合った製品が製作出来ます。小さな製品から大きな製品まで、心を込めて作らせていただいております。,http://info.pref.fukui.jp/tisan/sangakukan/jitsuwafukui/city/081.html,,建設業者、金物・看板関係業者 他,,,,,,,,,
福井特殊紙株式会社,伝統工芸・その他,透かしマーク入りの金券用紙、卒業証書、御札などの用紙を生産,機械抄和紙の製造局紙、卒業証書、仙貨紙、のし紙、書籍用紙,越前市,915-0231,越前市定友町13-7,0778-43-0080,0778-42-0806,,,社長 酒井 秀行,同　上,,"4,500万円",15名,透かしマークは、従来は偽造防止の方法として使用されてきましたが、今後は企業のオリジナリティを表す手段として、企業のロゴマークが入った名刺や便箋など、用途としても有望であると考えます。,http://info.pref.fukui.jp/tisan/sangakukan/jitsuwafukui/housing/176.html,"2億1,700万円",㈱西野商会、㈱辻和、長井紙業㈱,,,,,,,,,
福井鋲螺株式会社,機械・金属,世界シェアトップ多数微小・精密パーツ製造のイノベーター集団,特殊形状の精密鍛造パーツなどの設計、製造、販売・各微小・特殊形状鍛造パーツ・中空リベット打込リベット、ブラインドリベット・リベットセッター,あわら市,919-0898,あわら市指中59-115,0776-75-1115,0776-75-1022,https://www.byora.co.jp,hanbai@byora.co.jp,代表取締役社長CEO 打本 幸雄,営業部 水野 彰也,1959年11月,"4億5,000万円",590名,独自の基礎研究を積み重ねながら、あらゆる角度から「冷間鍛造技術」の限界に挑んでまいりました。輝きを放ちながら、世界中で活躍する製品は、当社が開発したTECHNOLOGYの結晶です。,http://info.pref.fukui.jp/tisan/sangakukan/jitsuwafukui/car/118.html,,,,,,,,,,,
株式会社福井村田製作所,電気・電子,積層セラミックコンデンサ世界シェア No. 1,セラミックをベースとした電子部品の開発、製造（積層セラミックコンデンサ・ノイズ 対策製品）,越前市,915-8601,越前市岡本町13-1,0778-21-8300,0778-22-0428,https://www.murata.com/ja-jp/group/fukuimurata,,代表取締役社長 野村 愼治,管理部総務課 富坂,1951年2月,3億円,"約5,500名",現在、福井村田製作所では、モバイル通信、自動車など、従来からムラタが得意としてきた市場へのさらなる価値提供に加え、新興市場、新規アプリケーションへの取り組みを一層加速させています。今後もエレクトロニクス業界のニーズ、トレンドをいち早く キャッチして、先端商品を開発、提案していくことで、エレクトロニクス業界の発展に寄与していきます。,http://info.pref.fukui.jp/tisan/sangakukan/jitsuwafukui/smartphone/148.html,"1兆8,125億円（2022年3月グループ連結）",国内外の電子機器メーカー、自動車メーカー 他,,,,,,,,,
株式会社福井洋傘,伝統工芸・その他,「レクサスコレクション」に採用された濡れない高級洋傘,手作りフルオーダー傘の製造、販売蛇の目洋傘、家紋洋傘、ほぐし織洋傘、浮かし織洋傘、UVカット99.8%晴雨兼用傘、大島紬織傘、本麻織傘、博多織傘、正絹織傘 など,福井市,910-3134,福井市浜別所町4-4-2,0776-85-1114,0776-85-1554,https://www.fukuiyougasa.com,,代表取締役 橋本 肇,同　上,1972年7月,"3,000万円",14名,ものづくりに対し、あくなき追求を怠ることなく、誇りと自信を持ってお客様にとってどのような製品が最も良いのかを考え続け、これからも理想の製品に一歩でも近い製品を作り続けたいと思っています。,http://info.pref.fukui.jp/tisan/sangakukan/jitsuwafukui/fashion/177.html,,全国主要百貨店、全国レクサス販売店,,,,,,,,,
福井窯業株式会社,窯業,曲がり屋根に瓦を敷設する日本初の画期的工法の屋根工事一般住宅から大型施設まで施工実績多数,屋根工事、エクステリア工事、造園工事、建築工事,福井市,910-0021,福井市乾徳1丁目10-3,0776-23-0790,0776-25-3406,http://www.fukuiyogyo.co.jp,f-yogyo@fukuiyogyo.co.jp,代表取締役 近藤 登幹夫,吉村 孝,1935年12月,"1,000万円",8名,この「一体葺き廻し工法」を、今後は神社仏閣など限定的な用途にとどまらず、ドーム形や波状スイング屋根など特殊な形状の屋根への施工に活かしていきたいと考えています。,http://info.pref.fukui.jp/tisan/sangakukan/jitsuwafukui/housing/082.html,,,,,,,,,,,
株式会社フクオカラシ,眼鏡,眼鏡の“ 聖地” 鯖江で培われた微細・精密部品加工技術,光学および各種精密切削部品の製造高級メガネ金属部品、光学、弱電、音響、医療ほか各種精密金属部品（クロスグリップナットなど）,鯖江市,916-0047,鯖江市柳町4-4,0778-52-5300,0778-53-1100,http://www.fukuokarashi.jp,info@fukuokarashi.jp,取締役社長 福岡 幹人,営業部 課長 野村 喜啓,1948年5月,"1,500万円",90名,精密部品には高い精度が求められますが、当社は最新の工作機械および自社開発の専用機により、万全の生産システムを確立しています。,http://info.pref.fukui.jp/tisan/sangakukan/jitsuwafukui/fashion/133.html,"5億6,000万円",セイコーエプソン㈱、グローリーテック㈱、ウシオ電機㈱、㈱シャルマン 他,,,,,,,,,
福伸工業株式会社,機械・金属,「コア技術」× 「技術者集団」＝時代が求めるマシンを生み出し続ける力,一般機械の製造、販売,あわら市,919-0615,あわら市池口5-46,0776-73-1208,0776-73-3191,http://www.fukushinkougyo.co.jp,,代表取締役 玉田 康二,専務取締役 上田 紹央,1976年12月,"3,000万円",34名,国内の製造業を取り巻く環境は大きく変化をしており、他社にない、オリジナルな設備による商品の差別化・高付加価値化が必要と言われております。こうした中で当社のコア技術・トータルサービスを活用いただければと考えています。,http://info.pref.fukui.jp/tisan/sangakukan/jitsuwafukui/smartphone/119.html,"4億5,000万円",タカノフーズ㈱、㈱クライオバック、清川メッキ工業㈱、谷沢菓機工業㈱、㈱ふじや食品 他,,,,,,,,,
フクビ化学工業株式会社,プラスチック,浴室・脱衣室に使用する乾式断熱パネルで国内シェアN o . 1,プラスチック建材、産業用資材などの製造、加工、販売・押出、中空、射出、カレンダー、真空成型によるプラスチック建材・ノンアスベスト不燃外装材・集合住宅、スポーツ、OA床システム・精密樹脂プレート、加熱加温容器　など,福井市,918-8585,福井市三十八社町33-66,0776-38-8415,0776-38-8004,https://www.fukuvi.co.jp/,,代表取締役社長 八木 誠一郎,広報・IR推進室 西田 裕喜,1953年5月,"21億9,390万円",970名（連結）,異形押出技術を核にプラスチックの可能性を追求し、建築分野に限らずあらゆる分野にチャレンジしています。難しい課題にこそ、新しいビジネスチャンスが隠れていると考え、お客様の課題に ONETo ONE で臨んでいきます。,http://info.pref.fukui.jp/tisan/sangakukan/jitsuwafukui/housing/078.html,"367億4,100万円（連結）",伊藤忠建材㈱、三井物産プラスチックトレード㈱、三井住商建材㈱ 他,,,,,,,,,
冨士経編株式会社,繊維,メディカル白衣（看護衣）の国内シェアN o . 1,経編ニット生地、縫製品製造、販売・ ニットガウン、浴衣・レンタルユニフォーム・作業服※ 自社ブランド「ミルモンド」、環境に配慮した循環型ユニフォーム「ホクリンク」,鯖江市,916-0037,鯖江市上河端町5-1-6,0778-51-1310,0778-51-1753,https://www.fujitateami.co.jp,box@fujitateami.co.jp,代表取締役社長 平木 弘史,経編事業部 取締役部長 山本 憲郎,1959年6月,"3,000万円",40名,当社は創業以来、「自分たちにしかできない製品づくり」に励み続け、自社企画・開発提案型ニット総合メーカーとして、「唯一無二の商品」を100％受注生産でユーザーのもとへ供給しています。,http://info.pref.fukui.jp/tisan/sangakukan/jitsuwafukui/medical/043.html,"14億4,100万円",東レ㈱、ナガイレーベン㈱、㈱廣瀬商会 他,,,,,,,,0778-51-1758,0778-51-1391
プランニングヤマコウ,伝統工芸・その他,価格を抑え、環境にも配慮した手作り太鼓,紙管とテントシートの組み合わせによる締め太鼓（新打楽器ヤマコ）の開発、製造,大野市,912-0051,大野市日吉町24-10,0779-64-1117,0779-65-1403,https://www.yama-ko.com,,山内 廣志,同　上,2003年8月,300万円,2名,太鼓としても使用できますが、ロビーなどでのオブジェとして、または介護リハビリ用品や音楽に合わせてボールをキャッチするゲーム感覚での使用など、今までにない用途もあります。従来の和太鼓ではなく、和の形から洋風の音、和風の音を作ることができる、新しい打楽器の誕生と考えております。,http://info.pref.fukui.jp/tisan/sangakukan/jitsuwafukui/culture/178.html,,,,,,,,,,,
株式会社プロード,電気・電子,国内で唯一、モニュメント型風力発電機を製造,風力発電機などの製造、販売・風力発電機：モニュメント、街灯、 広告塔、教材・太陽光発電を組み込んだ車止め、フットライト、街灯、道路標識・ 景観整備：モニュメント、彫刻、フェンス、噴水・公園施設：遊具,福井市,918-8173,福井市下江尻町21-13-3,0776-38-6166,0776-38-0023,http://www.ecoprod.jp/index.php,prod@royal.ocn.ne.jp,代表取締役 西村 琢磨,,2020年12月（協同組合プロードを組織変更）,710万円,,プロードは、組合の結成当時から未来の子供たちへの自然のエネルギー啓蒙を目的に、 環境整備＋教育施設にタイアップする、まったく新しい風のエネルギーシステムの開発をしてきました。これからも社会変革に先進的に対応し、地域それぞれの周辺環境や歴史を踏まえた上であなたの街に知的製品として提供していきます。,http://info.pref.fukui.jp/tisan/sangakukan/jitsuwafukui/city/149.html,,,,,,,,,,,
ベルテクス株式会社　福井本部,窯業,「安心のカタチを造る」がテーマ。コンクリート二次製造の製造・販売・設置工事を行うコンクリートメーカー,コンクリート2次製品の設計、製造、販売HC式防火水槽、HSウォール、Gベース、HS雨水貯留槽、HSフリューム、無散水融雪平板、ボックスカルバート、落差マンホール,福井市,918-8152,福井市今市町66-20-2,0776-38-3800,0776-38-0255,https://vertexgrp.jp,,代表取締役会長 田中 義人,技術本部 有田 淳一,1935年4月29日,1億円,604名,当社は、コンクリート2次製品メーカーとして、オリジナル製品の開発による市場競争力の構築を基本に社会に貢献する企業を目指しています。「HC式防火水槽」は、その先駆けとなった当社の主力製品です。また、これに続く「無散水融雪平板」、「HS雨水貯留槽」の今後の展開にも期待しています。,http://info.pref.fukui.jp/tisan/sangakukan/jitsuwafukui/city/85.html,グループ連結売上高＝377億円（2021年3月期）,,,,,,,,,,
北伸電機株式会社,電気・電子,ロボットや無人搬送車向けの非接触電力伝送装置を開発,電子応用機器の開発、製造・スイッチング電源 ・充電器・特定小電力無線応用機器・データ通信システム・RFIDリーダライター＆タグ・非接触電力伝送装置および非接触充電器,大野市,912-0067,大野市右近次郎33-15,0779-65-7560,0779-69-7630,http://www.hsdk.co.jp,,代表取締役 細川 亮,営業部 長谷部 正治,1983年9月,"3,000万円",55名,ガラス、プラスチックなどを介して、非接触で電力を1KW近く送れる技術を利用して皆様ならどのような製品を開発しますか？皆様のお仕事の中で、「電力供給に配線が邪魔」、「接点が腐食する」、「水中で充電したい」などの悩みがありましたらぜひ、ご相談ください。,http://info.pref.fukui.jp/tisan/sangakukan/jitsuwafukui/machine/150.html,"13億8,700万円",㈱カーメイト、パナソニックサイクルテック㈱、 福西電機㈱,,,,,,,,,
北陸ヒーティング株式会社,電気・電子,家電・社会インフラ・医療産業・宇宙産業まで 幅広く活用されているシーズヒーター,シーズヒーター・コイルフィンヒーター・フランジヒーター・鋳込みヒーター・投込みヒーター※平成30年より製造予定LED信号機着雪センサー付消雪装置、路面消雪装置,美浜町,919-1132,三方郡美浜町佐柿57号の16,0770-32-0258,0770-32-1177,https://hokuriku-heating.com,,代表取締役 増田 正洋,同 上,1971年8月,"1,000万円",24名,創業46年、シーズヒーター製造一筋。平成29年10月には、悲願であった新社屋が完成しました。消費者が手に取る「最終商品」を製造する夢を持ち続け、今後も商品開発に励みます。,http://info.pref.fukui.jp/tisan/sangakukan/jitsuwafukui/aerospace/151.html,"1億6,000万円",坂口電熱㈱・三晃電気工業㈱・㈱オリエントヒーター・新日電熱工業㈱・河合電器産業㈱・進興電気工業㈱・㈱幸和電熱計器 他,,,,,,,,,
株式会社北陸濾化,化学,微細な“ バリ” が除去できる処理剤を開発電子部品やメガネ、医療用に採用,化学工業薬品の製造・販売（化学表面処理剤「ホロクリン」シリーズ）公害防止機器などの設計・製作公害防止施設の保守管理,鯖江市,916-0019,鯖江市丸山町2丁目4-7,0778-51-7155,0778-51-7440,https://www.horokurin.co.jp,k-moriya@horokurin.co.jp,代表取締役 森家 英幸,営業・技術 森家 圭一郎,1988年5月,"1,000万円",8名,人に優しく、環境に優しい、今までにない商品作りをモットーに、今までの商品より優れ、より低価格で丈夫な商品であること、作る人・使う人がより安心できる商品であること、また、作る環境・使う環境に優しい商品を、ホロクリンは提案していきます。,http://info.pref.fukui.jp/tisan/sangakukan/jitsuwafukui/car/070.html,"6,500万円",九州日立マクセル㈱、㈱村田製作所 他,,,,,,,,,
株式会社ホプニック研究所,眼鏡,見え方の質を改善　イエローライトカット技術国内外の特許取得,医療用プラスチックレンズの製造,鯖江市,916-0073,鯖江市下野田町27-46,0778-62-2629,0778-62-2250,https://hopnic.co.jp,,代表取締役 阿久津 則彦,連絡担当者 冨山 晃義,1988年1月,"1,000万円",45名,偏光レンズ、調光レンズ、波長コントロールレンズ等の機能性レンズの開発製造に特化した技術を保有しております。光関連分野で「見え方の改善」をご検討されている方からのご連絡をお待ちしております。,http://info.pref.fukui.jp/tisan/sangakukan/jitsuwafukui/fashion/134.html,6億円,三井化学㈱、㈱サンレーコーポレーション他,,,,,,,,,
前田工繊株式会社,繊維,繊維で培った技術で、災害に強い国土、安心・安全を創造,繊維・樹脂を素材とした盛土補強材などの製造、販売・盛土補強・軟弱地盤安定材…アデム、ハイメッシュなど・法面補強工法用資材…ハイブロック、ハイブロックⅢ、MK受圧板、ECO落石ネット、GMネットなど・排水、遮水、吸出防止材…モノドレン、デクトシートなど・ あと施工アンカー、コンクリート補修・補強材…ボルトメイト、FFシートなど,坂井市,919-0422,坂井市春江町沖布目38-3,0776-51-9577,0776-51-5545,https://www.maedakosen.jp,,代表取締役社長 前田 尚宏,「アデム」：補強土排水推進部 辻 慎一朗「ネイチャーネット」：斜面環境保全推進部 吉田 眞輝「ツートンバッグ」 ：水環境保全推進部 土橋 和敬「ボトルユニット」 ：水環境保全推進部 土橋 和敬,1972年11月,"34億7,200万円（連結）","1,238名（2021年9月20日現在）（連結）",当社は、独自の知恵と技術で持続可能な地球、そして安心・安全で豊かな社会を創るために貢献していきます。「本当のモノづくりをする」真っ直ぐな気持ちが当社の原点です。,http://info.pref.fukui.jp/tisan/sangakukan/jitsuwafukui/city/044.html,"432億3,600万円",,,,,,,,,,
増永眼鏡株式会社,眼鏡,世界初の技術が活きるメガネブランド,高級眼鏡フレームの製造オリジナルブランドKOKI、Kazuo KawasakiMASUNAGA since 1905,福井市,918-8152,福井市今市町4-15,0776-38-1501,0776-38-7424,https://www.masunaga-opt.co.jp,,代表取締役 増永 宗大郎,開発室 主任研究員 村田 和男,1905年6月,"7,200万円",176名,本技術は眼鏡分野のみならず医療や通信関連分野でも活躍しています。今後はもっと広い分野での応用展開を狙いたいと考えています。他分野の方の連絡もお待ちしています。,http://info.pref.fukui.jp/tisan/sangakukan/jitsuwafukui/fashion/135.html,,,,,,,,,,,
株式会社松浦機械製作所,機械・金属,世界中のあらゆる産業の、モノづくりの原点,工作機械（マシニングセンタ）及びハイブリッド金属３Dプリンタの製造、販売,福井市,910-8530,福井市東森田4-201,0776-56-8100,0776-56-8150,https://www.matsuura.co.jp,webmaster@matsuura.co.jp,代表取締役社長 松浦 勝俊,管理本部 清水 継太,1935年8月,"9,000万円",412名,当社は、常に時代の先取りを考えて開発を進めています。このハイブリッド金属３Dプリンタ以外にも、他社に先駆けた高速加工機の開発で「高速加工機のマツウラ」、続いて5軸制御立形マシニングセンタMAM72シリーズの開発で「5軸加工機のマツウラ」のブランドを構築しています。,http://info.pref.fukui.jp/tisan/sangakukan/jitsuwafukui/machine/120.html,186億円,トヨタ自動車㈱、本田技研工業㈱、パナソニック㈱、㈱ニコン、ボーイング 他,,,,,,,,,
株式会社松川レピヤン,繊維,「出る杭」を伸ばし、常に挑戦！越前織のブランド化を目指す,越前織の織ネーム、織ワッペン、織ストラップ、織マスク、お守り袋の製造販売,坂井市,910-0313,坂井市丸岡内田15-7,0776-66-0158,0776-66-4458,https://rapyarn.jp,,代表取締役 松川 敏雄,営業企画次長 松川 晃久,1925年,"1,000万円",95名,普段は隠れた存在である「織ネーム（ブランドタグ）」ですが、タグひとつでそのブランドの表情・価値が変わるため、「ひとつのブランドを、織ネーム一枚でどこまで価値を上げることができるか」を考え、製造する仕事に誇りを持っています。私たちは織ネームが大好きです。,http://info.pref.fukui.jp/tisan/sangakukan/jitsuwafukui/fashion/046.html,9億2100万円,増成織ネーム、国際文化ネーム、NAXIS、三景など,,,,,,,,,
マルイチセーリング株式会社,伝統工芸・その他,企業フィロソフィーは「生活製作所」メイドインジャパンのソファ専門メーカー,ソファの設計・製造・販売ホテル・商業施設・オフィスなど家具インテリアの設計・施工,越前市,915-0256,越前市赤坂町33-8-1,0778-43-1221,0778-43-8811,https://www.maruichi1950.jp,,代表取締役社長 小林 一朗,総務部長 佐々木 毅,,"8,800万円",92名,創業以来、メイドインジャパンのものづくりにこだわりながら、生活者の暮らしを提案してきました。日本人になじみ深いフロアライフソファのコンセプト「床に暮らす」は私たちが日本で初めて提案したブランドです。,http://info.pref.fukui.jp/tisan/sangakukan/jitsuwafukui/housing/179.html,"25億7,900万円",㈱東京インテリア家具、㈱島忠、 ㈱太陽家具百貨店,,,,,,,,,
株式会社丸仁,繊維,“ 反射材の常識をくつがえす”ライトフォース反射材,・ 反射素材を用いた素材（LIGHT FORCE®）の企画、製造販売（反射生地、反射糸、反射シートなど）・ 熱転写プリントマークの企画、製造、販売・ 反射材を使ったアパレル、グッズの企画、製造、販売,福井市,918-8014,福井市花堂中2丁目29-5,0776-36-4212,0776-34-2995,https://www.light-force.jp,kengo@marujin-lf.co.jp,代表取締役 雨森 研悟,同　上,1984年6月,"9,015万円",62名,弊社は、反射材以外にも熱転写プリントマークというプリント素材も得意としております。特にアウトドアウェアなどに使われる最先端の生地に対してプリントを可能にする接着剤技術と、反射材を含む外観の表現バリエーションの多さに圧倒的な強みを持ちます。また、熱転写マークにグリーンナノ技術を取り入れるなど環境に対しても具体的に取り組んでおります。,http://info.pref.fukui.jp/tisan/sangakukan/jitsuwafukui/fashion/047.html,"5億5,000万円",ミズノ株式会社、株式会社イマジョー、株式会社アンリアレイジ,,,,,,,,,
丸八株式会社,繊維,炭素繊維を世界最軽量スーツケースや医療用高圧タンクなどに展開,・丸編、経編ニット製品の製造販売、産業資材の製造、販売・三次元立体構造体ニット製品の製造、販売・開繊炭素繊維およびその応用製品の製造、販売・ 炭素繊維、ガラス繊維、アラミド繊維などによる強化繊維シート、織物などの製造、販売・ 屋上緑化システム、壁面緑化システムの製造、販売,坂井市,910-0276,坂井市丸岡町玄女12-1,0776-67-0808,0776-67-8485,http://www.maruhati.co.jp,web@maruhati.co.jp,代表取締役社長 菅原 寿秀,代表取締役社長 菅原 寿秀,1936年,"8,000万円",23名,当社は、繊維を核にした製品・商品の研究開発を実施しています。近年は、消費者に近い製品の開発に取り組んでいます。当社は、先端複合材料の開発に取り組む研究開発型企業です。,http://info.pref.fukui.jp/tisan/sangakukan/jitsuwafukui/car/048.html,3億円,,,,,,,,,,
三谷コンピュータ株式会社,ICT（情報通信技術）,他社の追随を許さぬ専門性を活かしたニッチトップ企業,ソフトウェア開発・e-CLEAR 下水道受益者負担金システム、上下水道料金計算システム、ホームページ作成支援システム・和洋菓子専門店向けPOSシステム「CocoPOS」・物流倉庫向け在庫管理システム「W-KEEPER」,坂井市,910-0393,坂井市丸岡町熊堂第3号7番地1-13,0776-67-8000,0776-67-8022,https://www.mtn.co.jp,,代表取締役社長 後 淳也,経営管理部 エキスパート 坪田 登,1969年3月,"1億1,224万円",140名,特定の業界・業務に事業を展開するニッチ戦略と、その業界への深い知識に基づいて開発されるパッケージシステム＆お客様に応じたカスタマイズ戦略により、他社の追随を許さない専門性を確保しています。当社の資産は人です。社員の知識と知恵と個性、向上心が原動力です。,http://info.pref.fukui.jp/tisan/sangakukan/jitsuwafukui/housing/161.html,"36億1,100万円",全国約400の地方自治体、全国の小売業、物流業 他,,,,,,,,,
三谷セキサン株式会社,伝統工芸・その他,コンクリートパイル国内シェア No. 1,コンクリートパイルの製造、販売および 施工その他コンクリート二次製品の製造、 販売,福井市,910-8571,福井市豊島1丁目3番1号,0776-20-3333,0776-20-3306,https://www.m-sekisan.co.jp,,代表取締役社長 三谷 進治,北陸支社技術部長 清水 政浩,1956年,"21億4,600万円","1,117名（連結）",『豊かな技術で未来を創造する』企業として顧客のためになる商品を提供することにより社会貢献をしてまいります。,http://info.pref.fukui.jp/tisan/sangakukan/jitsuwafukui/city/180.html,773億20百万円（連結）,総合建設業、電力会社 など,,,,,,,,,
ミツカワ株式会社,繊維,ニットで世界をリードするグローバルカンパニー,丸編ニット生地の開発、製造、販売・衣料用途・資材用途・その他生活関連ニット生地の製造販売,越前市,915-0026,越前市五分市町18-8,0778-27-1400,0778-27-2277,http://www.mitsukawa.com/,,代表取締役 清水 敬互,西野 二三夫,1973年4月,"3,000万円",48名,日本の繊維製造業界は、他のアジア各国の非常に安価なコピー製品の攻勢にさらされています。ハニーグリップは、編み方法が特殊なため、他社・諸外国でのコピーは不可能な製品です。当社は、困難なものづくり技術の開発ではなく、人類に役に立つものづくりを前提に製品開発し、差別化しています。,http://info.pref.fukui.jp/tisan/sangakukan/jitsuwafukui/housing/049.html,"14億4,100万円",,,,,,,,,,
株式会社ミツヤ,繊維,「プラスをつくる」技術で未来を変えるモノづくり,化合繊織物の製織および染色加工炭素繊維複合材料の開発・生産インクジェットクロスの開発・販売,福井市,910-0108,福井市山室町69-1,0776-55-1055,0776-55-1620,http://www.e-mitsuya.jp,,代表取締役 山原 謙治,経営管理部 課長 開発 優,1968年3月,3億710万円,246名(2022年12月末時点）,高い信頼性や品質管理が求められる航空機材料に当社の材料が採用されたことは、地道に、また夢を持って研究開発を続けてきた成果と言えます。今後も、開発提案型企業として社会の変化を捉えながら、高付加価値を持つ繊維製品への取組みや複合材料開発に挑戦し、成長して行きたいと思います。,http://info.pref.fukui.jp/tisan/sangakukan/jitsuwafukui/aerospace/050.html,"45億9,300万円（2022年4月末実績）",（株）IHIエアロスペース､旭化成アドバンス（株）､一村産業（株）､伊藤忠商事（株）､帝人フロンティア（株）､東レ（株）､（株）ニシヤマ､服部猛（株）（アイウエオ順）,,,,,,,,,
株式会社ミルコン,窯業,先進の技術開発で自然災害に強い都市づくり,コンクリート製品・鋼構造物資材製造販売土木・電設資材販売,福井市,910-8560,福井市長本町202番地,0776-52-8000,0776-52-8001,http://www.milcon.co.jp/,,代表取締役社長 星田 典行,北陸営業本部長 吉川 裕二,1929年11月,"9,800万円",226名,土木関連に留まらず、屋外緑化や海洋緑化関連分野への展開を図り、人と社会と環境が最適に調和する「快適環境」を創造したいと考えています。,http://info.pref.fukui.jp/tisan/sangakukan/jitsuwafukui/city/085.html,"93億6,600万円",県内建設会社,,,,,,,,,
株式会社八木熊,プラスチック,1895（明治28）年創業「技術ブランドメーカー」×「進化型商社」の融合体企業,合成樹脂成形品の設計開発、製造、加工、販売保安用品（ＫＹブロック、ＫＹフェンス、ＫＹプラガード、KYおもし、ケロガード）、繊維機械用製品、配食・宅配用品など繊維用糊材、繊維用油剤、精練染色助剤、各種化学品、住設建材・資材などの販売,福井市,910-8586,福井市照手2-6-16,0776-22-3300,0776-22-3200,https://www.yagikuma.co.jp/,mnakamura@yagikuma.co.jp,代表取締役社長 八木 信二郎,創夢部 部長 岡本 光弘,1940年4月（創業 1895年）,"2,538万4,500円",107名,当社は、商社とメーカーの融合体という独自の企業体で、あらゆるビジネスシーンでお客様のニーズにお答えすることをモットーにしています。「八木熊に聞けば必ず答えがある」と言っていただけることが私たちの誇りであり、喜びです。,http://info.pref.fukui.jp/tisan/sangakukan/jitsuwafukui/city/079.html,"81億2,949万円",フクビ化学工業㈱、各繊維製品製造業 他,,,,,,,,,
山金工業株式会社,伝統工芸・その他,学校間仕切の国内シェア第３ 位 子供たちの夢を育む環境作りを目指して,金属製品製造業・建材部門：学校・病院・福祉施設向けの間仕切（YKSウォール）、    ドア（YKSドア）の製造販売・収納部門：オフィス用備品（アレンジャー）、     工場・物流部門向け什器備品（ヤマテック） の製造販売,福井市,918-8511,福井市左内町4-15,0776-36-2288,0776-36-9553,https://www.yamakin-kougyou.co.jp,info@yamakin-kougyou.co.jp,代表取締役社長 山下 真寛,開発部 部長 有田 亮一,1958年7月,"9,800万円",246名,,http://info.pref.fukui.jp/tisan/sangakukan/jitsuwafukui/medical/182.html,57億600万円,大成建設㈱、戸田建設㈱、㈱竹中工務店、 ㈱LIXIL、㈱ゆうちょ銀行、日本郵便㈱、 ㈱山善,1912年1月,,,,,,,,
株式会社山﨑ビロード,繊維,従来の製品からは想像できない究極の薄手ベルベットを開発,各種ビロード（ベルベット）織物の製造、販売ジョーゼットベルベット、ベビーベルベット、フラットベルベット、プレーンベルベット　など,越前市,915-0253,越前市中津山町9-29,0778-43-1333,0778-42-0841,https://yamazaki-velvet.com,shop@yamazaki-velvet.com,代表取締役 山下 祐三,同　上,1962年9月,"1,000万円",4名,当社はベルベットの中でも、特に衣料用として「本物の素材にこだわったベルベット生地」、「表情・手触りの面白いベルベット生地」、「加工の面白いベルベット生地」などを手掛けています。,http://info.pref.fukui.jp/tisan/sangakukan/jitsuwafukui/fashion/051.html,,,,,,,,,,,
山田技研株式会社,電気・電子,高速道路などで活躍する冬季の路面凍結・積雪センサーを提供,冬季の雪氷事象を計測するセンサーの開発、製造、販売・路面センサー・冬季気象センサー・車載式塩分濃度システム・パトロール画像伝送システム・路面熱収支センサー,福井市,918-8015,福井市花堂南2-5-12,0776-36-0460,0776-36-0623,https://www.yamada-giken.co.jp,info@yamada-giken.co.jp,代表取締役 山田 忠幸,酢谷 浩,1987年4月,"1,000万円",14名,創業の目的の一つに「社会環境問題である道路の雪氷障害を克服する新たな技術の挑戦」があります。今後は計測技術のみならず、雪氷エネルギーの新たな活用技術から冬期間の快適な生活環境を提案していきたいと考えています。,http://info.pref.fukui.jp/tisan/sangakukan/jitsuwafukui/city/152.html,3億円,国土交通省、東・中・西日本高速道路㈱、福井県、JR各社 他,,,,,,,,,
ヨシダ工業株式会社,眼鏡,販売、技術、製造すべてにチャレンジ精神旺盛未来をクリエイトするヨシダ魂,精密部品製造・眼鏡部品・木管楽器部品・医療・精密部品,鯖江市,916-0057,鯖江市有定町2丁目11-24,0778-51-4690,0778-52-4690,https://www.yoshida-i.co.jp,,代表取締役社長 吉田 俊博,営業部 部長 井上 章,1948年4月,"1,000万円",84名,「とにかく、一度やってみるか。」を経営方針に、さまざまな事業にチャレンジしています。ものづくりに興味のある方は、是非、一緒に「ヨシ ダ魂」を築いていきましょう。,http://info.pref.fukui.jp/tisan/sangakukan/jitsuwafukui/medical/136.html,"15億1,300万円",大手医療機器メーカー、ヤマハ㈱、ミヤザワフルート製造㈱、㈱三響フルート製作所、恵那眼鏡工業㈱,,,,,,,,,
株式会社吉光工業,窯業,「瓦で織る壁」特許取得,住宅・工場の屋根・外壁・雨樋工事、リフレクティックス遮熱工事太陽光発電工事、建築資材販売,福井市,910-0804,福井市高木中央2丁目510,0776-54-0706,0776-54-0762,https://4432.co.jp,yoshimitu@4432.co.jp,代表取締役 吉田知志,吉田 加奈子,1974年8月,"1,000万円",10人,気持ちよく暮らすためのお手伝いを、をテーマに社員一同仕事に取り組んでいます。自身が１級建築士・1級建築板金技能士であることから、建物の外側で出来ることを機能面・技術面から色々提案しております。新事務所もできましたので、ぜひ遊びにきてください。,http://info.pref.fukui.jp/tisan/sangakukan/jitsuwafukui/housing/87.html,"11,294万円",大和ハウス工業株式会社、セキスイファミエス中部株式会社、北陸ミサワホーム株式会社,,,,,,,,,
株式会社ルネッサ,機械・金属,食品業界や医薬品業界で知名度の高い技術者集団,搬送装置の設計・製造,坂井市,913-0038,坂井市三国町新保97-9-18,0776-82-8283,0776-82-6678,https://www.runessa.co.jp,,代表取締役社長 青木 皇,藤本,2002年3月,"6,400万円",41名,坂井市三国町テクノポート福井にある少数精鋭の技術者集団です。ものづくりの好きな方、「なぜ、どうすれば？」といった探求の好きな方はきっと、当社の仕事の虜になること、請け合いです。,http://info.pref.fukui.jp/tisan/sangakukan/jitsuwafukui/machine/121.html,11億円,㈱日阪製作所、三菱重工メカトロシステムズ㈱、日立造船㈱ほか,,,,,,,,,
