techname,tag,category,companyname,img,tagline,description,srcurl
チルドコーヒー飲料用　多層容器,,住宅・家電,株式会社アイケープラスト,http://info.pref.fukui.jp/tisan/sangakukan/jitsuwafukui/images/plastic/ik-plast02.jpg,洗練されたプラスチック技術で様々な付加価値製品を創造,多層押出連動成形技術を用いて酸素バリア、遮光、耐衝撃など複数の機能を付加した機能性容器でチルドコーヒー国内トップシェアのロングセラー商品に採用されています。酸素バリア機能により賞味期限延長化に寄与すると共に、淹れたての風味そのままを皆様のお手元へ届けることができます。,http://info.pref.fukui.jp/tisan/sangakukan/jitsuwafukui/housing/73.html
RFIDリーダライタ製品・ソフト,,機械・ロボット,株式会社アートファイネックス,http://info.pref.fukui.jp/tisan/sangakukan/jitsuwafukui/images/ict/art-finex02.jpg,豊富なRFID経験と製品ラインナップで様々な用途に適したソリューションを提供,誰もが1枚は持っているICカード（交通系カード、免許証、パスポート、taspo、社員証など）を素早く確実に読み取りができる製品からパレットやコンテナに貼ったRFIDタグを数mの距離から読み取る製品まで用途に適した製品、RFIDタグ、制御用ソフトウエアをご用意しています。また導入検討から事前検証、構築、運用に至る各フェーズで、豊富な経験を持つ技術者がお客様をしっかりとサポートします。RFID技術を生かすのは①リーダライタ機器、②RFIDタグ（ICカード）、③動作環境、④制御用ソフトウエアの4つの条件で決まります。RFIDで課題解決ができないか…と検討される際は、お気軽にご相談ください。,http://info.pref.fukui.jp/tisan/sangakukan/jitsuwafukui/city/154.html
自動車のパワートレイン部品（T/C）,,自動車,株式会社アイシン福井,http://info.pref.fukui.jp/tisan/sangakukan/jitsuwafukui/images/machine/aisin-aw02.png,部品の進化で、クルマの新たな価値を創造する。,アイシン福井は、eAxle（イーアクスル）などの電動駆動ユニットやハイブリッドトランスミッション、オートマチックトランスミッションの構成部品を手掛けています。自動車の燃費向上やCO2低減をはじめ、走る楽しさと心地良さに貢献する当社製品群は、クルマに乗る人に走る喜びと感動をお届けしています,http://info.pref.fukui.jp/tisan/sangakukan/jitsuwafukui/car/087.html
ゴルフ用カーボンシャフトの装飾,世界シェア1位,スポーツ,アイテック株式会社,http://info.pref.fukui.jp/tisan/sangakukan/jitsuwafukui/images/chemical/eyetech02.jpg,ゴルフ用カーボンシャフトの表面処理で世界シェアNo.1,従来のゴルフ用カーボンシャフトへの表面処理は塗装品がほとんどで、メタルシャフトのような高級感のある外観が求められていました。当社は、イオンプレーティングにて金属膜を付けることにより、高級感のある仕上がりを実現。その技術が評価を受け、ゴルフ用カーボンシャフトの表面処理において世界シェアナンバーワン（90％）を誇ります。,http://info.pref.fukui.jp/tisan/sangakukan/jitsuwafukui/sports/053.html
メガネフレームの表面処理,国内シェア1位,ファッション,アイテック株式会社,http://info.pref.fukui.jp/tisan/sangakukan/jitsuwafukui/images/chemical/eyetech03.jpg,メガネメタルフレームの表面処理で国内シェアNo.1,メガネフレームは、少量多品種の最たるもので、装飾、耐腐食性の向上を目的とした表面加工に関しても、その種類は当社だけでも1万種類を超えます。めっき、電着塗装、イオンプレーティングを組み合せていろいろな加工を行っています。現在多くなってきているチタン合金を材料としたメタルフレームにもこれらの組合せで対応しており、当社は、メタルフレームへの表面処理において国内シェアナンバーワン（約60％）を誇っています。,http://info.pref.fukui.jp/tisan/sangakukan/jitsuwafukui/sports/053.html
無接点でのイオンプレーティング加工,国内シェア1位,カルチャー,アイテック株式会社,http://info.pref.fukui.jp/tisan/sangakukan/jitsuwafukui/images/chemical/eyetech04.jpg,接点跡を残さないイオンプレーティング加工で国内シェアNo.1,表面処理を行う場合は必ず対象物を治具に固定するため、その接点の跡が残りますが、パチンコ玉やスロットルのコインなど、接点の跡が残ってはいけない製品があります。当社は、接点跡を残さずに窒化チタンなどの金属膜を付けるイオンプレーティング技術を確立し、現在、パチンコ玉やスロットルのコインの表面処理について、国内シェアナンバーワン（90％）を誇ります。,http://info.pref.fukui.jp/tisan/sangakukan/jitsuwafukui/sports/053.html
独自開発の弾性テンプルを搭載したメガネフレーム,,ファッション,青山眼鏡株式会社,http://info.pref.fukui.jp/tisan/sangakukan/jitsuwafukui/images/eyewear/aoyamamegane02.jpg,独創的なテンプルの構造「マルチアーチシステム」を開発,理想の掛け心地を追求することでたどり着いた、画期的なテンプル構造「マルチアーチシステム」。軽量で弾性に優れた素材であるβチタンの板材を、ダブルアーチとシングルアーチに加工し、組み合わせる事で一枚のテンプルにしました。緻密に計算された曲線のパーツを組み合せる「マルチアーチシステム」により、これまでの眼鏡では得ることの出来なかった、理想的な掛け心地を生み出しました。その「マルチアーチシステム」を搭載したオリジナルブランド「バネリーナ」「バネリーノ」。バレエダンサーのようにしなやかで優雅なフォルム、軽くソフトでありながら、しっかりとしたフィット感は掛けていることを忘れてしまうほど。もちろん掛け心地だけではなく、「マルチアーチシステム」の構造を最大限活かしたデザインバリエーションは好評を博しており、毎コレクション多彩なデザインを展開しています。,http://info.pref.fukui.jp/tisan/sangakukan/jitsuwafukui/fashion/124.html
眼鏡用高屈折率プラスチックレンズ,国内シェア4位,ファッション,株式会社アサヒオプティカル,http://info.pref.fukui.jp/tisan/sangakukan/jitsuwafukui/images/eyewear/asahioptical02.jpg,プラスチックレンズの成形・表面処理加工の総合技術,当社は、1987年に世界で初めて高屈折率の薄型レンズを製造し、また1994年にはさらに屈折率を高めた世界初の超薄型レンズを開発、そのレンズは日本メーカーとして初めて全米眼鏡業協会の最優秀レンズ賞を受賞しました。その後2000年には屈折率1.74レンズを発売し、現在、高屈折プラスチックレンズにおいて国内シェア第4位を誇っています。また、当社は「ASAHI-LITE」のブランドにて積極的に海外展開を行い、世界各国で開催されている眼鏡展示会にも多く参加しています。現在、約35か国の国や地域にレンズを販売しています。,http://info.pref.fukui.jp/tisan/sangakukan/jitsuwafukui/fashion/125.html
折りたたみ式サポートマット（防災マット）,,社会インフラ・ソリューション,稲山織物株式会社,http://info.pref.fukui.jp/tisan/sangakukan/jitsuwafukui/images/textile/inayama02.jpg,多数の防災用品の役割をこなし、さらに保管機能にも優れた製品,折りたたみ式サポートマットは睡眠確保を中心に、その他災害時に役立つ数々の機能を備えています。まず、吸水性の低い発泡ポリエチレンを使用し、生地に撥水性の高い素材を使ったことから、水に浮かべる浮き具として使うことも可能です。また、マットの縁に高強度の10本の持ち手を付けており、搬送用の担架としても使用できます。さらには、コンパクトに折りたたんで腰かけとしても活用でき、平常時は省スペースで保管することが可能となっています。,http://info.pref.fukui.jp/tisan/sangakukan/jitsuwafukui/city/020.html
免震エキスパンションジョイントカバー,,社会インフラ・ソリューション,井上商事株式会社,http://info.pref.fukui.jp/tisan/sangakukan/jitsuwafukui/images/machine/inoueshoji02.jpg,地震の動きを再現し、さまざまな振動実験が行える３次元振動台を自社開発,地震国である日本では、庁舎、病院、消防署など地域の防災拠点となる建物や、中高層のマンション、高層のオフィスビルなどを主に年間300棟前後、地震に強い構造の免震建物が設計・施工されています。免震建物と非免震建物や基礎との取合い部には、免震建物の地震時の大きな動きに見合ったクリアランス（隙間）が設けられます。免震エキスパンションジョイントカバーは、このクリアランスのカバー材のことで免震建物の大きな動きに従って動き、破壊や脱落したりしない機能を求められています。当社の免震エキスパンションジョイントカバーは、地震時の地面の動きや建物の動きを再現できる振動台を用い、すべて試験を行って安全性を確認しています。,http://info.pref.fukui.jp/tisan/sangakukan/jitsuwafukui/city/088.html
除雪トラック用除雪装置,国内シェア1位,社会インフラ・ソリューション,岩崎工業株式会社,http://info.pref.fukui.jp/tisan/sangakukan/jitsuwafukui/images/machine/iwasakikogyo02.jpg,自動制御で圧雪を除去するトラックグレーダの技術,除雪車両は、積雪のある地域において冬季間の道路交通を確保する上で欠くことのできないものですが、当社は、高速道路や一般国道、空港などで使用されている除雪トラックの大多数を供給しています。除雪トラックは、ベースとなるトラックに除雪用の装置（スノープラウ）を取り付けたもので、高速道路などの多車線道路から狭くて複雑な生活道路まで、多様な積雪環境、除雪条件に適応した製品を製造しています。,http://info.pref.fukui.jp/tisan/sangakukan/jitsuwafukui/city/089.html
ポリエステル繊維染色におけるブラック深色加工,国内シェア1位,ファッション,ウラセ株式会社,http://info.pref.fukui.jp/tisan/sangakukan/jitsuwafukui/images/textile/urase02.jpg,撥水、抗菌、蓄熱保温など、多彩な加工技術のバリエーション,礼服などの商品は丈夫さやファッション性、快適性などが要求され、摩擦や水などへの耐久性や上質な風合いを高レベルに達成することが求められます。それに加えて当社では、様々な機能性を持たせる加工技術を展開しており、究極の黒さを追求したものをはじめ、撥水、抗菌、ウォッシャブル対応、蓄熱保温などの機能性を付与するものまで豊富に揃えています。,http://info.pref.fukui.jp/tisan/sangakukan/jitsuwafukui/fashion/022.html
自動車ボディを成形・加工するプレス機械および周辺自動化装置,,自動車,株式会社エイチアンドエフ,http://info.pref.fukui.jp/tisan/sangakukan/jitsuwafukui/images/machine/h-and-f02.jpg,国内すべての大手自動車メーカーに納入実績あり。国内シェアトップクラス,自動車の燃費向上による地球環境への配慮や、安全性の強化、デザイン性の向上など、自動車業界のニーズが厳しくなるにつれ、当業界に求められる加工技術も日々進化しています。これまで自動車のボディパネルは鉄が主材料でしたが、近年はアルミや高張力鋼板（ハイテン）、炭素繊維など、特殊な加工技術を要する材料も多く活用されています。当社はこれらに対応するプレス成型機も開発するなど、常に自動車産業の多様なニーズに応え、国内トップクラスのシェアを誇っています。,http://info.pref.fukui.jp/tisan/sangakukan/jitsuwafukui/car/090.html
立体多層構造織物クッション材,,住宅・家電,永平寺サイジング株式会社,http://info.pref.fukui.jp/tisan/sangakukan/jitsuwafukui/images/textile/eiheijisizing02.jpg,素材はポリエステル系100％でリサイクルが可能,福井の伝統技術が生んだ織物によるクッション材です。ヘタリの少ない均一なクッション性能を生み出すために糸作りから縫製までを内製化しました。また、織物だけの連続アーチ状の空気層は、体から出る湿気にまざった老廃物を水平に移動させ換気されることで、寝具内を快適でクリーンに保ちます。マットは全国の百貨店を始めホテルや多くの介護施設に販売されています。（経済産業省近畿経済産業局の「関西フロントランナー大賞2008」を受賞。平成21年に「元気なモノ作り中小企業300社」（経済産業省）に選定。また、製品化した西川産業を通じて、「Good Design Award 2012」（日本デザイン振興会）、「Red Dot Design Award 2014 Best of theBest」（ノルトライン・ヴェストファーレン・デザインセンター）受賞。）,http://info.pref.fukui.jp/tisan/sangakukan/jitsuwafukui/housing/023.html
可動堰スクリーン取水装置（GSスクリーン）,,社会インフラ・ソリューション,株式会社エコ・プランナー,http://info.pref.fukui.jp/tisan/sangakukan/jitsuwafukui/images/machine/ecoplanner02.jpg,堰上げ、除塵、取水の３つの機能に送水機能をプラスして１台に集約。流水の力を利用し、除塵と取水を同時に行うメンテナンスフリーの取水装置,動力は使用せず、スクリーンの上を流下する越流水により、落ち葉などの浮遊塵芥を除塵しながら取水します。また、砂礫などの沈殿物は堰上流に堆積し、取水に影響を与えることはありません。さらに、沈殿物はGSスクリーンを上げることで流水により押し流されるため、維持管理も非常に簡単です。（GSスクリーンは、当社特許を活用して、福井鐵工㈱において製造・販売しています。）,http://info.pref.fukui.jp/tisan/sangakukan/jitsuwafukui/city/091.html
ライニング地中熱冷暖房システム,,社会インフラ・ソリューション,株式会社エコ・プランナー,http://info.pref.fukui.jp/tisan/sangakukan/jitsuwafukui/images/machine/ecoplanner03.jpg,⻑さ2分の1の熱交換器や、地中熱を効率的に活⽤する制御機器で、省エネ・低コストを両⽴,地中熱は、一年を通して10～20℃の安定した再生可能エネルギーです。地中熱を利用した冷暖房は、省エネやCO2削減効果に優れていますが、初期コストが高い課題があります。そこで、貯水蓄熱を効率良く利用することで長さを従来の2分の1に短縮し初期コストを30％削減した「ライニング地中熱交換器」と、エアコンの出力に合わせた循環水量の調整によって、必要な地中熱のみの利用と採熱効率の向上を可能にした「熱収支バランス制御ユニット」を開発しました。さらに、地中熱交換器からエアコンまでを統一システム化することで、無駄のない冷暖房システムが完成しました。この「ライニング地中熱冷暖房システム」を事業所に実装し消費電力量を比較した結果、従来の空冷式エアコンに比べ、年間の消費電力量を約50％削減できる可能性を確認しました。（本システムは、共同開発者のベルテクス㈱において製造・販売します）（この研究成果は（国研）新エネルギー・産業技術総合開発機構（NEDO）の助成事業（JPNP10020）により得られたものです。）,http://info.pref.fukui.jp/tisan/sangakukan/jitsuwafukui/city/091.html
真空蒸着技術による携帯電話、車載、各種工業部品へのコーティング,,スマートフォン,株式会社エツミ光学,http://info.pref.fukui.jp/tisan/sangakukan/jitsuwafukui/images/chemical/etsumi02.jpg,光の反射や透過の度合いを調整し、自在に色や輝きを表現,真空蒸着とは、真空中で金属や化合物などを電子ビーム等で加熱蒸発させ、蒸気を物体表面に薄膜状につけることです。レンズのコーティング、光学部品の反射膜など数nm～数μmの膜の形成に利用しています。真空蒸着膜はガラスやプラスチック等の基板表面に、誘電体・金属等の蒸着物質を、屈折率・厚み・層数等の組み合わせを変えて成膜し、光（紫外光・可視光・赤外光）を透過・反射・吸収させることが可能です。,http://info.pref.fukui.jp/tisan/sangakukan/jitsuwafukui/smartphone/054.html
塗装面などのコーティングシステム「バリアクリスタル」,,自動車,株式会社エヌエム,http://info.pref.fukui.jp/tisan/sangakukan/jitsuwafukui/images/other/n-m02.jpg,効果の秘密は極薄30ナノメートルのガラス被膜,バリアクリスタルは、独自開発の専用セラミックに水道水を通して生成した機能水により対象物を高圧洗浄し、塗装面等のコーティングを行う画期的なシステムです。特長として、塗装の場合は、耐久性、防汚性、易洗性、ガラス、コンクリート、タイル、石材は、防汚性、易洗性を発揮します。もともとは自動車用のコーティングシステムとして開発しましたが、施工対象は電車、建築物外壁、船舶などに広がっており、素材としては塗装面だけでなくガラス、コンクリート、タイル、石材まで施工が可能となっています。この技術は、（財）りそな中小企業振興財団と日刊工業新聞社が主催する「第19回中小企業優秀新技術・新製品賞」の優秀賞など、各種表彰を受け評価されています。,http://info.pref.fukui.jp/tisan/sangakukan/jitsuwafukui/car/164.html
HONDA全車種のオプションカラーエンブレム（金色、黒色）,国内シェア1位,自動車,株式会社NCC,http://info.pref.fukui.jp/tisan/sangakukan/jitsuwafukui/images/chemical/ncc02.jpg,プラスチック製品へのイオンプレーティング加工国内シェアナンバーワン,当加工技術の最大の特長は、世界で初めて、低温での処理を可能とすることから、世の中にあるほとんどの固体（金属、プラスチック、ゴム、ガラス、紙、陶磁器、繊維、木材など）にメッキ皮膜をつけることができる点にあります。さらに、金属膜のみならずセラミック膜としてコーティングすることができるため、従来の着色技術と比較しても抜群の強度や耐久性を発揮。HONDA全車種のオプションカラーエンブレムに採用されています。また、プラスチックのメタライズ加工で最も多く行われているのは真空蒸着加工ですが、密着性や膜の強度など物性に大差があるため、これまで、用途が限定されていました。当加工技術は、後加工を要しない最終処理として使用できるため、今後、プラスチック製品の大幅な用途拡大も期待できます。,http://info.pref.fukui.jp/tisan/sangakukan/jitsuwafukui/car/055.html
最小刃厚20μの高速微細加工専用超硬ソリッドメタルソー,,機械・ロボット,株式会社エムエーツール,http://info.pref.fukui.jp/tisan/sangakukan/jitsuwafukui/images/machine/ma-tool02.jpg,新たな研削方法や超硬素材の研究など独自の研磨技術を確立,超硬ソリッドメタルソーは、精密部品の切断と溝加工に用いられるカッターで、当社のメタルソーは国内最小刃厚20μを実現。極薄ですが耐久性に優れ、複合機能材料や樹脂、金属など、どんな材質でも高精度に切断、溝入れ加工できるのが特徴です。電子部品や自動車部品など、進化するハイテク製品の超微細加工向けに使用され、国内外の企業から高い評価を得ています。,http://info.pref.fukui.jp/tisan/sangakukan/jitsuwafukui/machine/092.html
工作機械の刃具取り付け装置,,自動車,株式会社オーエムエンジニアリング,http://info.pref.fukui.jp/tisan/sangakukan/jitsuwafukui/images/electro/om-engineering02.jpg,国内で唯一、空冷可能な高周波誘導加熱を実現,従来の高周波加熱コイルは装置と一体であったため、刃具挿入後の固定は水冷が常識でしたが、当社独自技術によるワンタッチ式の高周波発生コイルの開発で空冷が可能となり、メンテナンスフリーとともに、装置そのものも移動できるようになりました。当社は、空冷式焼バメ装置を製造する国内唯一のメーカーです。,http://info.pref.fukui.jp/tisan/sangakukan/jitsuwafukui/car/138.html
りん銅地金（JIS H 2501-1982）,世界シェア30%,住宅・家電,株式会社大阪合金工業所,http://info.pref.fukui.jp/tisan/sangakukan/jitsuwafukui/images/machine/osaka-gokin02.jpg,画期的な銅合金溶解技術により高品質素材を世界に供給,りん銅地金は、エアコン、エコ給湯器用の銅管の材料として、また銅合金鋳物などの脱酸および銅合金にりんを添加する場合に使われます。当社ではりん銅地金製造にあたって、原料を従来の赤りんから黄りんに代えた製造装置および製造方法を開発・確立し、生産量アップとりんの歩留まり向上、材料原価の低減を実現しました。これにより高い生産性と安定した品質の製品を提供することが可能となり、世界シェアは30％、国内シェアは100％に達しています。（2008年 元気なモノ作り中小企業300社 選定・経済産業省）（2013年 第2回素形材連携経営賞 経済産業大臣賞 受賞・一般財団法人素形材センター）（2014年 グローバルニッチトップ企業 100選 選定・経済産業省）,http://info.pref.fukui.jp/tisan/sangakukan/jitsuwafukui/housing/093.html
金属材料の特性を向上させる添加剤（黒鉛球状化剤など）,国内シェア1位,自動車,大阪特殊合金株式会社　勝山工場,http://info.pref.fukui.jp/tisan/sangakukan/jitsuwafukui/images/machine/osaka-tokusyu02.jpg,鉄の強度や粘りを飛躍的に向上させる添加剤,私たちは、鉄をはじめとするさまざまな金属の特性を変える「合金」をつくっています。これらは、シリコンやマグネシウムなど、複数の金属元素を組み合わせたもので、金属溶湯にほんの少し添加するだけで、硬くて強い特性や、やわらかくて加工が容易な特性など、金属材料にさまざまな機能的特性を与えることができます。「ニッチな金属の百貨店」ともいうべき私たちの製品を直接目にする機会はほとんどありませんが、実は暮らしのあらゆる部分を“縁の下” で支えているのです。日本の自動車のほぼ100%に、弊社の合金は使われています。それ以外にも、たとえばその自動車や何トンものトラックが通っても割れないマンホールの蓋は、かつては1枚80kgもの重量がありましたが、合金の技術で今では40kg程度にまで軽量化することが可能となりました。さらにその下で私たちの暮らしを支える上水道管は、素材である鉄の粘りを増すことによって、地震が起こっても簡単に折れたり曲がったりすることがなくなりました。ほかにも、劣化しにくいスマートフォンの差込端子、鉄製の鍋やフライパンといった身近なものから、半導体や工作機械・造船・鉄鋼といったあらゆる分野で弊社の「合金」が活躍しています。,http://info.pref.fukui.jp/tisan/sangakukan/jitsuwafukui/car/094.html
赤外線コードレスマイクロホン,国内シェア1位,カルチャー,株式会社オーディオテクニカフクイ,http://info.pref.fukui.jp/tisan/sangakukan/jitsuwafukui/images/electro/aoudio-technika02.jpg,赤外線伝送技術や双方向通信技術とノウハウの融合,従来のワイヤレスマイクロホンは電波を利用するタイプが主流であり、盗聴や近隣のマイクとの混信などの問題がありました。オーディオテクニカの開発・生産会社である当社は、それらの問題点を解決するため、赤外線を利用したコードレスマイクを開発しました。現在、多くのカラオケBOXや国の重要機関、大学の会議室などでは、赤外線コードレスマイクロホンが採用されており、当社製品はそれらの市場で国内シェアナンバーワン（約55%）を誇っています。また、オーディオテクニカグループで開発・生産・販売されるワイヤレスマイクロホンシステム（電波タイプ）は、アトランタ～ピョンチャンの各オリンピック中継、グラミー賞の授賞式、著名アーティストの各種コンサートなど、世界中で活用されており、確かな実績と信頼を得ています。,http://info.pref.fukui.jp/tisan/sangakukan/jitsuwafukui/culture/139.html
全自動大型タイヤ交換機,国内シェア1位,自動車,小野谷機工株式会社,http://info.pref.fukui.jp/tisan/sangakukan/jitsuwafukui/images/machine/onodani02.jpg,スムーズなタイヤ交換のための最適条件をシステム化,この全自動大型タイヤ交換機は、ホイールの直径および幅を選定し、スタートボタンを押すだけで機械内部のシーケンサー入力された情報により全自動でタイヤとホイールの着脱ができる装置です。従来の汎用機械を使ってのタイヤ着脱の反復操作により、どの部分に、どのタイミングで、どのような補助をすればスムーズに交換できるかを試行錯誤し、ソフトウェア開発により正確に再現。確実なタイヤの組込み、取外し作業を可能にし、完成にこぎつけました。,http://info.pref.fukui.jp/tisan/sangakukan/jitsuwafukui/car/095.html
透かしやホログラム、ICタグを漉き込んだ和紙,,住宅・家電,有限会社小畑製紙所,http://info.pref.fukui.jp/tisan/sangakukan/jitsuwafukui/images/other/obataseishisyo02.jpg,試行錯誤のうえ確立した高い品質管理技術,上質な「つや」と手触り感の良さを特徴とする和紙（局紙）は、これまで株券などに使われてきました。偽造防止のため、企業のロゴを透かしとして入れたほか、角度が変わると色や模様が変わる「ホログラム」加工を施した製品を生産してきました。このようなホログラム入り和紙の製造ができるのは当社を含め全国で３社しかありません。こうした技術を活かして、リボンを抄き込み、透かしの入ったグリーティングカードを提案しています。また、透かしの入った卒業証書も生産しており、全国の国公私立大学に採用されています。機密文書の管理用に、ICタグを漉き込んだ用紙を開発。特許を取得しています。,http://info.pref.fukui.jp/tisan/sangakukan/jitsuwafukui/housing/166.html
船舶用ロープ,国内シェア5位,社会インフラ・ソリューション,小浜製綱株式会社,http://info.pref.fukui.jp/tisan/sangakukan/jitsuwafukui/images/textile/obamaseikou02.jpg,使用済ロープの調査データを、新商品の研究開発に反映,船舶の使用条件によって求められるロープの性能は違います。繊維素材の組合せをそれぞれの使用条件によって変えることでニーズにあった商品づくりが可能となりますが、そこには使用後の徹底的な調査で蓄積されたデータが活きています。その成果は、クロスロープの取り扱い性、安全管理の容易性とダブルブレードロープの高強度特性を併せ持った新構造ロープ「クィーンブレードシリーズ」など新商品の研究開発となって表れています。,http://info.pref.fukui.jp/tisan/sangakukan/jitsuwafukui/city/024.html
防犯用赤外線センサ,,住宅・家電,オフロム株式会社,http://info.pref.fukui.jp/tisan/sangakukan/jitsuwafukui/images/electro/ofrom02.jpg,センサの高精度を生み出す電気回路設計技術と製造技術,「安全は買う時代」とさえ言われる現代において、防犯システムは事業者向けだけでなく、一般家庭にも広がり、検知センサの需要は年々増えています。当社は、外部からの侵入を検知して通報する基本的なものから、駆動部に信号を送ってライトを点滅したり、威嚇の音を出すものなど、赤外線を応用したセキュリティセンサを開発、製造しています。当社製品は、関連会社オプテックス㈱の製品に一部採用され、人々の暮らしの安全を支えています。また、その他の当社製品は産業用として自動化にも貢献しています。,http://info.pref.fukui.jp/tisan/sangakukan/jitsuwafukui/housing/140.html
「技、響かせ 共に創る。」飲料・食品の搬送用コンベヤーシステム,,機械・ロボット,カイノス株式会社,http://info.pref.fukui.jp/tisan/sangakukan/jitsuwafukui/images/machine/kainos02.jpg,最適なラインを提案できるデザイン力と制御のノウハウを保有,コンベヤの役割はA地点からB地点への搬送だけではありません。搬送の途中において、洗浄機、検査機、充填機、殺菌機などそれぞれに専門メーカーが存在する多様なマシンの稼動性を高める役割を担います。工場設計を知り尽くし、最適なコンベヤラインを提案できるデザイン力、制御のノウハウを持つことが当社の強みです。また、容器の変遷に伴い、プラスチックチェーンのコンベヤだけでなく、充填までの工程をエアーで搬送する「エアーコンベヤ」など、新たな搬送方法の研究開発に注力しています。,http://info.pref.fukui.jp/tisan/sangakukan/jitsuwafukui/machine/099.html
ジョイントパネル,,住宅・家電,株式会社カズマ,http://info.pref.fukui.jp/tisan/sangakukan/jitsuwafukui/images/textile/kazuma02.jpg,「1本のレールに取り付け可能」世界初のパネルカーテン,お部屋の中で、意外に大きな面積を占めている窓辺。一般的なカーテンと比べて圧迫感がないフラットスタイルで1枚の絵のようにファブリックデザインを楽しむことができ、お部屋の印象がガラッと変わります。専用のカーテンレールが不要で、一般のカーテンレールを用いて掛け替えが可能。レールに連結しているユニットと生地部分は簡単に取り外しができるので、お部屋の模様替えも気軽にできます。1つの窓に1枚の生地ではなく複数枚を連結しているので、お部屋のシーンや気分によって多様なデザインを組み合わせることができ、オリジナルの窓辺を飾ることができます。,http://info.pref.fukui.jp/tisan/sangakukan/jitsuwafukui/housing/025.html
微小抵抗器など精密電子部品の自動化ライン用テープ,,スマートフォン,株式会社金津技研,http://info.pref.fukui.jp/tisan/sangakukan/jitsuwafukui/images/electro/kanazugiken02.jpg,電子部品の小形化、実装の高速化に対応する製造技術,①電子部品を安全に運ぶ包装材料精密な電子部品を出荷するには、干渉して傷が付かないように1 個1 個包装する必要があります。袋にバラで入れるわけにはいきません。電子部品の品質を守り、効率良く運搬できるのはエンボスキャリアテープのおかげです。②基盤実装の自動化に不可欠テーピングされて出荷されたエンボステープは基盤実装の設備で活躍します。電子部品が1個ずつ取り出され基盤に実装する製造ラインが自動化できるのもエンボスキャリアテープのおかげです。③高まる電子部品の需要急激に進む自動車の電装化により、電子部品の需要が必然的に高まっています。エレクトロニクス技術の発展を支える一つがエンボスキャリアテープです。,http://info.pref.fukui.jp/tisan/sangakukan/jitsuwafukui/smartphone/142.html
ベルトコンベヤ部品　キャリヤローラ,,機械・ロボット,カワイローラ株式会社,http://info.pref.fukui.jp/tisan/sangakukan/jitsuwafukui/images/machine/kawairoller02.jpg,ベルトコンベヤ業界大手のマキテックに納入。国内シェアトップクラス,ローラの破損の一番の原因は、ベアリングに粉塵や雨水が混入しロックされる点にあります。当社は試行錯誤のうえ、ベアリングを保護するためのシール（ラビリンス）を独自に開発。雨水など湿気の多いところや粉塵が舞う屋外でもベアリングの破損を最大限に食い止め、ローラの寿命を伸ばすことに成功しました。製造ラインの省力化や無人化が進むなか、メンテナンスが少なく破損しにくいローラとして愛用され、国内トップシェアを誇っています。さらに、当社がもつローラ部品のノウハウを活かし、キャリヤスタンドを開発。特許を取得しています。従来のキャリヤスタンドに比べて、ローラ交換を安全に、短時間で行うことができます。,http://info.pref.fukui.jp/tisan/sangakukan/jitsuwafukui/machine/096.html
空調用の大型冷凍機の鋳物製圧力容器,国内シェア1位,社会インフラ・ソリューション,株式会社川鋳,http://info.pref.fukui.jp/tisan/sangakukan/jitsuwafukui/images/machine/kawachu02.jpg,高強度で耐圧、耐衝撃、耐食性に優れた｢球状黒鉛鋳鉄｣鋳造技術,地上4階、地下1階の成田空港第2ターミナルビル全体の空調を制御している巨大なターボ冷凍機は、1基で家庭用エアコン6万台分に相当します。当社は、その心臓部にあたるコンプレッサーの圧力容器を製造しています。このターボ冷凍機は、国内唯一のオゾン層破壊係数ゼロの冷媒を使用して国内シェア第1位を誇っており、当社は、同製品の圧力容器を100％供給しています。,http://info.pref.fukui.jp/tisan/sangakukan/jitsuwafukui/city/097.html
車載・電子部品用めっき条,,自動車,株式会社ＫＡＮＺＡＣＣ,http://info.pref.fukui.jp/tisan/sangakukan/jitsuwafukui/images/electro/kanzacc02.jpg,SRC（ステアリングロールコネクタ）、コンビネーションスイッチ、各種コンデンサの電極端子および接点,車載コネクタや電子デバイス電極に使用されている「リフローすずめっき条」は、銅系材、SUS材と様々な素材へのめっきが可能であり、回路故障につながるウィスカの発生を大幅に抑制します。高い導電性から各種接点材として用いられる「銀めっき条」は、銀めっき皮膜の表面色調、硬度をコントールすることが可能です。これらの各種めっき皮膜と当社独自の高精度マスキング技術を組み合わせることにより、異種金属のストライプめっきなど素材への新たな機能付加を実現します。,http://info.pref.fukui.jp/tisan/sangakukan/jitsuwafukui/car/143.html
防災用ケーブル（消防用耐火電線／耐熱電線）,,機械・ロボット,株式会社ＫＡＮＺＡＣＣ,http://info.pref.fukui.jp/tisan/sangakukan/jitsuwafukui/images/electro/kanzacc05.jpg,消防用耐火／耐熱電線,当社の耐火電線（ＦＰ）は、消防庁告示第10号に規定された840℃×30分間に達する耐火試験に合格した製品で、防災施設の消火設備回路・火災報知回路・誘導灯回路・非煙設備回路用に使用されています。また耐熱電線（KRF-3）を製造しており、消防庁告示第11号に規定された380℃×15分間に耐える耐熱試験に合格した製品で、防災施設の非常電源に用いる弱電回路・表示灯回路・音響回路用電源に使用されています。,http://info.pref.fukui.jp/tisan/sangakukan/jitsuwafukui/car/143.html
広告宣伝用膜材,,社会インフラ・ソリューション,カンボウプラス株式会社　福井工場,http://info.pref.fukui.jp/tisan/sangakukan/jitsuwafukui/images/chemical/kanbopras02.jpg,高印刷性、超防汚性のノウハウ、加工技術が強みです,インクジェット印刷機の普及に伴い、街の広告宣伝膜は大きく変化しました。それまでのモノクロツートンから、よりビジュアル的でリアルなものとなり、見る人の視覚に訴えることが可能になりました。当社は各種インクジェット印刷機に対応し、それぞれの機種に合わせた印刷性、防汚性の処方を開発し、製品化しました。当社が生産する広告宣伝膜材料「内照式看板用シート素材」「インクジェット印刷用膜材料」は、高強度で優れた耐候性、不燃性、難燃性、印刷性、透光性、防汚性を持ち、今後の印刷技術の高度化に対応する高機能付加製品です。,http://info.pref.fukui.jp/tisan/sangakukan/jitsuwafukui/city/056.html
建築工事用シート,国内シェア1位,住宅・家電,カンボウプラス株式会社　福井工場,http://info.pref.fukui.jp/tisan/sangakukan/jitsuwafukui/images/chemical/kanbopras03.jpg,生地素材の知識、ベストな樹脂配合のノウハウ、加工技術が強み。建築工事用シートの国内シェアNo.1,建築工事の際、安全上、美観上、建築工事場所全体を覆わなければならず、その覆いに使用されるシートには強度、耐候性、難燃性などの基準があり、これをクリアしたものしか使用できません。当社製品は、ポリエステル生地に特殊配合の軟質塩化ビニール樹脂をラミネート、またはコーティングし、建築工事用シートにおいて国内シェアナンバーワン（20％）を誇っています。従来の白いシートのほかユーザーの用途に合わせ、色、外観（メッシュ状のものなど）、強度の違う多種多様な製品を市場に供給しています。,http://info.pref.fukui.jp/tisan/sangakukan/jitsuwafukui/city/056.html
バリの発生しないハイブリッドドリル「ゼロバリ」,,機械・ロボット,株式会社ギケン,http://info.pref.fukui.jp/tisan/sangakukan/jitsuwafukui/images/machine/giken02.jpg,大手アルミ加工メーカーにて最高評価。取引各社に使用を推奨,通常のドリルは円柱形で、先端に加工可能な形状を施しているためドリルを押しつける一方向にのみ力が加わるが、当社のドリルは切削する先端部を3次元的な曲線（R）で構成するため、多方向に力を分散しながら穿孔、バリが発生しない点に特徴があります。製品を作る際には、必ず穴加工が必要であり、その際に発生するバリの除去は不可欠です。当社のドリルはバリが発生しないため、そのあとの製造工程を最大で４工程削減することも可能。全体の製造時間が1／5に短縮したという現場もあり、製造現場の納期短縮・コスト削減に貢献しています。さらに、従来品の約50倍の耐久性があるため、環境にも配慮したドリルを実現しました。,http://info.pref.fukui.jp/tisan/sangakukan/jitsuwafukui/machine/098.html
学校体育衣料,国内シェア2位,スポーツ,ギャレックス株式会社,http://info.pref.fukui.jp/tisan/sangakukan/jitsuwafukui/images/textile/galax02.jpg,システム化した作業工程と｢生地作りから最終製品｣までの一貫体制,簡単に体操服といっても体育の授業だけでなく、クラブ活動や体育祭など身体を動かすさまざまな場面で着用するため、丈夫さや、動きやすさ、着心地の良さなどが重視されます。さらに何度も洗濯を繰り返すことから、耐久性の高さや、学校のイメージアップに繋がるデザイン性も要求されます。当社は、独自の商品企画開発のもと「生地作りから最終製品」までの一貫体制を基盤に生産背景において、CAD、CAM、CGを導入、生産管理面においても最新のコンピューター管理システムの構築、独自の改良ミシンなどを駆使し、市場の要求に応えています。,http://info.pref.fukui.jp/tisan/sangakukan/jitsuwafukui/sports/026.html
ナノ単位（100万分の1ミリレベル）のめっき技術,,自動車,清川メッキ工業株式会社,http://info.pref.fukui.jp/tisan/sangakukan/jitsuwafukui/images/chemical/kiyokawa02.jpg,電子部品/半導体部品の小型化、軽量化、省電力化に貢献する「ナノめっき技術」,「ナノめっき技術」により、数十ナノメートル（1ナノメートルは、100万分の1ミリメートル）の厚さでめっき処理が可能。接合面積を減らすことができるため、自動車、スマートフォンなどの電子機器の小型・軽量化に大きく貢献しています。また、原料の削減や省エネ化にも繋がる事から、本技術は、今後のナノレベルの接合めっきテクノロジーを支える技術として、様々な分野で応用が期待されています。,http://info.pref.fukui.jp/tisan/sangakukan/jitsuwafukui/car/057.html
微小部品や粉体へのめっき技術,,スマートフォン,清川メッキ工業株式会社,http://info.pref.fukui.jp/tisan/sangakukan/jitsuwafukui/images/chemical/kiyokawa03.jpg,携帯電話、スマートフォンむけ大手電子部品メーカーに採用,"創業以来40年以上培ってきたバレルめっき技術によって、微小な電子部品に均一にめっき処理することができます。近年では電子部品サイズも0.2mm程度と、非常に小さくなっており、当社の技術は時代のニーズに対応しています。更に小さい製品として、これまで不可能と言われた「数マイクロメートル（1マイクロメートルは、1,000ナノメートル）粉体」の表面にもめっき処理ができる点に特徴があります。",http://info.pref.fukui.jp/tisan/sangakukan/jitsuwafukui/car/057.html
半導体/MEMSセンサーデバイスへのめっき技術,,自動車,清川メッキ工業株式会社,http://info.pref.fukui.jp/tisan/sangakukan/jitsuwafukui/images/chemical/kiyokawa06.jpg,電池自動車の普及を後押し。自動運転やIoTなどセンサーデバイスにも対応,ハイブリッド車や電気自動車で使用されているパワーデバイスへのめっき加工において、裏面にはめっき析出させず、必要な箇所へ部分めっきをすることができ、高温耐性にも優れためっき膜の形成が可能です。国内車載メーカーやデバイスメーカーから多数の加工依頼をいただいています。また、MEMSセンサーデバイスにおいても、高アスペクトのめっき配線形成やΦ50um程度の貫通孔へ銅めっきの埋め込みが可能です。,http://info.pref.fukui.jp/tisan/sangakukan/jitsuwafukui/car/057.html
医療機器部品への撥水めっき技術,,医療,清川メッキ工業株式会社,http://info.pref.fukui.jp/tisan/sangakukan/jitsuwafukui/images/chemical/kiyokawa08.jpg,医療業界への参入を果たし、医療機器の進歩に貢献,撥水めっき技術とは、Ni-PTFE複合めっきと呼ばれ、Niめっき膜にPTFE微粒子を共析させています。水を弾く機能を持っためっき膜形成技術であるため、当技術を医療機器に用いることで、血液が付きにくく、血液が付着してもすぐ拭き取れる医療機器の提供をサポート。医療現場に大きく貢献しております。,http://info.pref.fukui.jp/tisan/sangakukan/jitsuwafukui/car/057.html
knaplusエコバッグ,,ファッション,株式会社クナプラス,http://info.pref.fukui.jp/tisan/sangakukan/jitsuwafukui/images/textile/knaplus02.jpg,バッグ全体にプリーツ加工を施し、収納性を向上させたデザイン,折バッグ全体におしゃれなプリーツ加工を施すという独自のアイデアとデザインにより、優れた収納力と簡単に素早くコンパクトに折りたためる携帯性を両立するとともに、日本の伝統色からカラーバリエーションを設定しました。社会環境を踏まえたデザインコンセプトに基づき、JETRO（日本貿易振興機構）の選定を受けて平成20年1月にはパリで開かれたインテリアの国際見本市「MAISON＆OBJET」への出展が叶い、これを機に欧米など海外のミュージアムショップなどでの取扱いが増えてきています。,http://info.pref.fukui.jp/tisan/sangakukan/jitsuwafukui/fashion/027.html
可動部用ケーブル/産業用通信ケーブル,,機械・ロボット,倉茂電工株式会社,http://info.pref.fukui.jp/tisan/sangakukan/jitsuwafukui/images/electro/kuramo02.jpg,曲げやねじれに強い可動部用ケーブルや産業機器をつなぐ産業用通信ケーブル,様々な工場で活躍している多くの産業用ロボットや、高度に自動化された生産ラインにおいて、これらの産業機器に電力を供給し信号を伝えるため、多くのケーブルが使われています。弊社は可動部分における屈曲、捻回に対して耐久性の高い可動部用ケーブルをはじめとする産業用ケーブルや、産業機器間での情報をやり取りする産業用通信ケーブルを数多く開発しています。,http://info.pref.fukui.jp/tisan/sangakukan/jitsuwafukui/machine/143.html
水中ポンプ用フロートスイッチ,国内シェア1位,社会インフラ・ソリューション,倉茂電工株式会社,http://info.pref.fukui.jp/tisan/sangakukan/jitsuwafukui/images/electro/kuramo03.jpg,液面をコントロールする技術に特長,工場、マンション、公共施設などの地下の水槽などに排水用として必ず水中ポンプが設置されています。この水中ポンプの運転を自動制御することで水槽内の水位を調節しています。この水中ポンプの自動制御において、起動と停止の位置を検出するためにフロートスイッチが使用されていますが、弊社はフロートスイッチにおいて国内シェアナンバーワン(約70%)を誇っています。,http://info.pref.fukui.jp/tisan/sangakukan/jitsuwafukui/machine/143.html
成形面ファスナー｢マジロック®」,,自動車,クラレファスニング株式会社　丸岡工場,http://info.pref.fukui.jp/tisan/sangakukan/jitsuwafukui/images/textile/kurarayfastenig02.jpg,成形面ファスナーによる車の部材固定技術,自動車は様々な部材の集まりであり、その組み立てには簡単に取り付けられること、強固に接合できることなど種々の要求があります。取り付けに困難を伴う自動車内装材を強固に取り付けられ、位置調整機能も有した部材固定具や、シートの複雑なデザインに柔軟に対応できる表皮固定具、内張り生地を傷めにくく、さまざまな意匠に適合できるフロアマット固定具などが、大手自動車メーカーで多数使われています。さらに、これらの技術は航空機分野にも応用されており、より高度な難燃性や軽量化要求など、航空会社の高い要求水準に適した商品を供給しています。,http://info.pref.fukui.jp/tisan/sangakukan/jitsuwafukui/car/028.html
面ファスナー「マジックテープ®」,国内シェア1位,ファッション,クラレファスニング株式会社　丸岡工場,http://info.pref.fukui.jp/tisan/sangakukan/jitsuwafukui/images/textile/kurarayfastenig03.jpg,面ファスナーの国内シェアNo.1,ボタンや紐に替わり、簡易に固定（結合）、脱着（剥離）できる面ファスナー「マジックテープ®」。（「マジックテープ®」は㈱クラレの登録商標です。）当社は、日本で最初に製造・販売を手掛けて以来50年もの間、アパレル、メディカル、鞄、手袋などみなさまの身の周りに、ブランド力と技術力に基づいた、さまざまな商品を開発し、提供してきました。当社は面ファスナーの国内シェアナンバーワン（60％）を誇るリーディングカンパニーです。,http://info.pref.fukui.jp/tisan/sangakukan/jitsuwafukui/car/028.html
自動車用アルミホイール,,自動車,光生アルミニューム工業株式会社　福井製作所,http://info.pref.fukui.jp/tisan/sangakukan/jitsuwafukui/images/machine/kosei-alumi02.jpg,機能性とデザイン性を兼ね揃えたアルミホイールを提供,当社福井製作所は、当社の国内におけるアルミホイール生産の拠点となっており、トヨタやホンダの純正品ホイールをはじめ、各種オリジナルホイールを製造。コンパクトカー向けから超大口径のもの、またはレーシングカー向けまで、幅広い製品を提供しています。,http://info.pref.fukui.jp/tisan/sangakukan/jitsuwafukui/car/100.html
オンリーワンパッド からだカーブ,,医療,株式会社光洋 若さ工場,http://info.pref.fukui.jp/tisan/sangakukan/jitsuwafukui/images/other/kouyou-wakasa02.jpg,医療・介護現場の声を製品開発に。プロユースで培われた高性能紙おむつ,高齢者人口が年々増加する介護現場では、介護する側の深刻な人手不足のため、高い性能をもつ紙おむつを採用し、おむつの交換回数を減らす傾向にあります。当社の製品は、あてると自然に体に沿った形になる構造に設計。隙間ができにくく、逆戻りが非常に少ないのはもちろん、取り出してすぐに装着できる二つ折りでの製品梱包や、おむつに矢印やラインを施した「あて方ナビ」など、使用する人の立場に立った工夫が随所に光り、介護現場から厚い信頼を得ています。,http://info.pref.fukui.jp/tisan/sangakukan/jitsuwafukui/medical/165.html
マリンバ、木琴の製作,国内シェア2位,カルチャー,株式会社こおろぎ社,http://info.pref.fukui.jp/tisan/sangakukan/jitsuwafukui/images/other/koorogi02.jpg,上質な音板は、技術者たちの誇りと高度な加工技術から,マリンバとは低い音を持つ木琴の総称で、調律された木の鍵盤を、マレット（鍵盤を鳴らすためのバチ）で叩いて音を出します。音板の下には増幅器の働きをする共鳴管がおかれていますが、この共鳴管の働きによって優しくて深い響きがよりいっそう強調されます。当社は音板の生産を原木から一貫生産している世界で唯一のメーカーであり、KOROGIブランド（一部OEM）で世界展開しています。世界の多くのトッププロにも優れた品質を認められ、各地のコンサートやホールで幅広く使用されるようになりました。国内販売額第１位、販売台数第２位（35％）のシェアを誇ります。,http://info.pref.fukui.jp/tisan/sangakukan/jitsuwafukui/culture/167.html
高密度多色柄無縫製の浴衣帯,国内シェア1位,社会インフラ・ソリューション,小杉織物株式会社,http://info.pref.fukui.jp/tisan/sangakukan/jitsuwafukui/images/textile/kosugiorimono02.jpg,色柄無縫製浴衣帯製造技術を確立し、最大15色の浴衣帯を実現,浴衣帯には単もの、袋ものがあり、袋ものの市場が主力です。しかし、従来の袋ものの浴衣帯の製造技術（平成11年に当社が開発）では4色の色柄しか出せませんでした。そこで、当社にて研究開発を行い、「高密度多色柄無縫製浴衣帯製造技術」を確立しました。これにより、最大15色の浴衣帯の製造が可能になり、デザインの幅が広がり、若い方から中高年の方まで、様々なニーズに応えることができるようになりました。現在、浴衣の国内年間消費数は約180万着あり、当社は、年間約150万本の浴衣帯を製造・出荷しています。（国内シェアナンバーワン（約80%））,http://info.pref.fukui.jp/tisan/sangakukan/jitsuwafukui/fashion/029.html
手包みを超えた究極の包成機,世界シェア1位,機械・ロボット,株式会社コバード,http://info.pref.fukui.jp/tisan/sangakukan/jitsuwafukui/images/machine/kobirt02.jpg,手包みを超えた品質と、作業の合理化・省人化を実現,パン製造において、日本を代表する菓子パンである「あんぱん」や「ジャムパン」といったパン生地で具材を包んだパンの包餡（パン生地で具材を包むこと）成形過程は、複数の食品機械メーカーが機械化を目指したものの、生地が傷みやすいなどの課題が解消できず、いまだに手作業が主流となっています。当社が開発した包成機（商品名：マジックハンド）は、生地を傷めずに包み込み、手作業を超えた品質のパンを生産できる画期的な包成機で、多くのパン製造メーカーに採用され、世界シェアナンバーワン（95％）を誇っています。また、菓子パン以外にもカレードーナツ、本格派の中華饅頭に使用されています。（平成20年に「元気なモノ作り中小企業300社」（経済産業省）に選定）,http://info.pref.fukui.jp/tisan/sangakukan/jitsuwafukui/machine/101.html
スポーツ用淡色偏光サングラス,,スポーツ,株式会社コンベックス,http://info.pref.fukui.jp/tisan/sangakukan/jitsuwafukui/images/eyewear/combex02.jpg,独自の生産管理により偏光レンズのより高い品質と機能性を実現,メインの素材であるフィルムは、高偏光度を可能にするヨード系偏光フィルムを使用。温度、湿度、季節などの要素を加味した独自のノウハウで生産されます。出来上がったレンズはフィルムとレンズ素材が張り合わせ方式ではなく分子的に結びつく融着方式により偏光レンズの弱点であるハガレに対して十分な強度を備えています。また、歪みを少なくするために、度付レンズと同じモノマーキャスト製法を用いるなど、独自の生産管理により高い品質と機能性を実現しています。,http://info.pref.fukui.jp/tisan/sangakukan/jitsuwafukui/sports/126.html
中層型浮魚礁,国内シェア1位,社会インフラ・ソリューション,サカイオーベックス株式会社,http://info.pref.fukui.jp/tisan/sangakukan/jitsuwafukui/images/textile/sakaiovex02.jpg,長年培ってきた繊維加工技術を応用,カツオ、マグロに代表される回遊魚の代表的な漁法として、沖に人工の浮魚礁を作り、魚を集める浮魚礁（パヤオ）漁があります。浮魚礁は、一般的には表層型（海面に浮いているもの）が主流ですが、当社が開発した「中層型浮魚礁」は、海面下約20mから100mに本体を設置するもので、表層型に比べ、耐久性に優れ、航路上の妨げにならないという利点があります。回遊魚漁を行う多くの漁業者に利用され、「中層型浮魚礁」において、国内シェアナンバーワン（60％）を誇っています。,http://info.pref.fukui.jp/tisan/sangakukan/jitsuwafukui/city/030.html
手で切れる気泡緩衝材「ノンカッターパック」,,住宅・家電,酒井化学工業株式会社,http://info.pref.fukui.jp/tisan/sangakukan/jitsuwafukui/images/plastic/sakaichemical02.jpg,はさみを使用せず手で切れる画期的な緩衝材。大手運送業者も採用,性質の違う素材を組み合わせる特殊技術を用いて緩衝材を2層構造にすることで、手で切れる機能を加えた気泡緩衝材を開発。はさみを使わずカットできるため、引越し現場や工場での作業効率を飛躍的に向上させています。また、この特殊技術を応用し、緩衝材入りクッション封筒を製造。封筒の容積を抑えた仕様で流通コスト削減を実現し、大手通販企業にも採用されています。,http://info.pref.fukui.jp/tisan/sangakukan/jitsuwafukui/housing/072.html
輸送用緩衝材「ミナスぺーサー　隙間梅太郎」,,社会インフラ・ソリューション,酒井化学工業株式会社,http://info.pref.fukui.jp/tisan/sangakukan/jitsuwafukui/images/plastic/sakaichemical03.jpg,汚れに強く長持ち。運送業界で幅広く活用,従来、荷物を輸送する際の緩衝材は、重くて木くずの出やすいベニア板が主流でしたが、曲げても割れず、ゴミの出ない高発泡ポリエチレンシートを、耐久性に優れたフィルムでラミネートした3層構造の輸送用緩衝材を開発。緩衝性、耐久性、軽量化、薄さを同時に実現しました。軽量化により作業員の負担を軽減し、スリム化により積載量アップを可能にしています。,http://info.pref.fukui.jp/tisan/sangakukan/jitsuwafukui/housing/072.html
建築・土木用　高遮熱材「ラミパックSD」,,住宅・家電,酒井化学工業株式会社,http://info.pref.fukui.jp/tisan/sangakukan/jitsuwafukui/images/plastic/sakaichemical04.jpg,省エネ効果抜群。一流建築士のリフォーム術にも採用,当社のラミネート加工技術を応用し、表面素材に純度99.3％のアルミ箔を使用した遮熱材を開発。屋根や壁に遮熱材として施工することで、快適な住環境を実現します。（財）建材試験センターでの測定結果では、他社製品に比べて2倍から3倍以上の遮熱性能を保持しています。,http://info.pref.fukui.jp/tisan/sangakukan/jitsuwafukui/housing/072.html
床面誘導サイン（クリーン・ポリカラー）手摺各種点字サイン（PCテンボスシート）,,社会インフラ・ソリューション,株式会社サカイ・シルクスクリーン,http://info.pref.fukui.jp/tisan/sangakukan/jitsuwafukui/images/other/sakai-silk02.jpg,誘導サインとしての機能付加を、独自の印刷技術で可能に,「クリーン・ポリカラー」はウレタン樹脂製で、燃焼の際にも有毒物質が発生しないため、駅構内などの閉鎖的な空間でも安全です。また、耐候性にも優れ、色彩を永く保つことが出来、汚れ防止特殊コートと凹凸によりガムなどの付着物も簡単に取れます。「PCテンボスシート」はポリカーボネート製で裏面から点字を打刻する、視覚障害者にも対応できる点字サインで、表面に汚れ防止の特殊コートを施しています。手すり以外にも設置可能で、両製品ともに大阪駅構内やホームなど、JR西日本の各駅を中心に、路上や駐車場など、様々な場所で活用されています。,http://info.pref.fukui.jp/tisan/sangakukan/jitsuwafukui/city/168.html
色褪せないステンレスホーロー製案内板サスミック・ノア（各種案内板）ノア・レリーフ（触知案内板）,,カルチャー,株式会社サカイ・シルクスクリーン,http://info.pref.fukui.jp/tisan/sangakukan/jitsuwafukui/images/other/sakai-silk04.jpg,ステンレス板に無機質顔料を焼成印刷する独自の新しいサイン製法,「サスミック・ノア」は、特殊ステンレス鋼にホーロー加工を施した、錆びにくい新素材に、無機質（鉱物）顔料を焼成印刷する独自の新しい製法で作られています。このため、海岸沿岸や山岳地などの厳しい自然で全く損傷や変色などがなく、多彩な表現を半永久的に保つことができます。また、「ノア・レリーフ」は、「サスミック・ノア」の製造技術を応用した触知式サインで、凹凸や点字の上から無機質（鉱物）顔料を焼成印刷していますので、表示面が傷つくことなく、当社独自の色彩技術により視覚障害者の方でも利用できるよう、全ての人が見やすく解りやすい仕様になっています。,http://info.pref.fukui.jp/tisan/sangakukan/jitsuwafukui/city/168.html
宇宙用構造材料,,航空・宇宙,サカセ・アドテック株式会社,http://info.pref.fukui.jp/tisan/sangakukan/jitsuwafukui/images/textile/sakaseadtech02.jpg,人工衛星や宇宙探査機搭載用アンテナに多数の納入実績,当社は、世界で唯一の三軸織技術を発端に、宇宙開発分野で培ったアンテナや展開構造物、複合材料に関する技術開発力を活かした製品の設計製作やアイディアを提案しています。宇宙探査機搭載用アンテナ、観測ロケット搭載用機器、国際宇宙ステーション用実験装置など、多数の開発製品が成果を上げています。中でも、JAXA『小惑星探査機はやぶさ』の帰還エピソードは特に有名になりました。現在、次世代の宇宙開発事業として、コンパクトに収納して打上げ、宇宙環境でより長く大きく展開することができる『宇宙展開構造物』の研究開発に取り組んでいます。これまでの、実証・実用化の経験と得られた貴重なデータを基に、宇宙搭載機器の更なる高機能・高性能を目指して行きます。,http://info.pref.fukui.jp/tisan/sangakukan/jitsuwafukui/aerospace/031.html
建築・工業デザイン/高性能スポーツ用材料,,スポーツ,サカセ・アドテック株式会社,http://info.pref.fukui.jp/tisan/sangakukan/jitsuwafukui/images/textile/sakaseadtech03.jpg,構造特性と機能性を活かせる設計分野に貢献,三軸織物複合材料は軽くて保形性が高い特長を持つため、各分野においてこれまでにないデザイン性や機能性を発揮できます。建築や工業デザイン分野においては、『ぎふメディアコスモスのグローブ』を始め評価が高く、今後更なる活用が期待されています。スポーツ分野においては、『遠くに正確にリリースできる』釣り竿や、『飛距離と方向性に優れる』ゴルフシャフトを実現しました。ミズノが開発した超軽量の陸上競技用スパイクはNHK番組『プロジェクトX』で取り上げられ話題になりました。,http://info.pref.fukui.jp/tisan/sangakukan/jitsuwafukui/aerospace/031.html
医療用キャビネット、カート,国内シェア1位,医療,サカセ化学工業株式会社,http://info.pref.fukui.jp/tisan/sangakukan/jitsuwafukui/images/plastic/sakasechemical02.jpg,スーパーエンジニアリングプラスチック射出成形技術,当社は、独自のプラスチック加工技術、金属加工技術、木材加工技術をフルに活用し、医療用キャビネットやカートを全国の病院に供給し、国内シェアナンバーワンを確立。病院内の物流の省力化に大きく貢献してきました。院内感染の防止が叫ばれる昨今、その対策製品「病棟・外来用滅菌物回収専用コンテナー」を開発。中身が見えて、軽く、耐熱、耐薬品性に優れるこの製品は、医療用キャビネットやカートと同じく当社独自の技術が大きく寄与し、多くのお客様に採用されています。当社独自のスーパーエンジニアリングプラスチック射出成形技術により生み出される製品は、医療のみならず、半導体分野や航空機分野、鉄道車輌分野など多くの先端分野に貢献しております。,http://info.pref.fukui.jp/tisan/sangakukan/jitsuwafukui/medical/073.html
静電容量式自動運転水中ポンプ,,社会インフラ・ソリューション,株式会社桜川ポンプ製作所　福井事業所,http://info.pref.fukui.jp/tisan/sangakukan/jitsuwafukui/images/machine/sakuragawapomp02.jpg,ポンプ自身が最適な運転を自動計算する省エネ設計,水中ポンプは工事現場や設備に水を運ぶ機器として使用されますが、ポンプの使用中は常に水があるとは限らず、水のない渇水状態もあり得ます。渇水状態での運転を続けた場合、製品自体の寿命を縮めたり、騒音が発生することがあります。そこで当社では、水があるときだけ運転させる水位自動運転機能をポンプ自体に持たせることとし、水の検知を正確に行うために静電容量式の検知を行う新センサーを搭載した製品を開発しました。（平成18年度発明大賞の考案功労賞を受賞）,http://info.pref.fukui.jp/tisan/sangakukan/jitsuwafukui/city/102.html
衣料品の製造に欠かせない裏地の染色加工,国内シェア1位,ファッション,株式会社三景,http://info.pref.fukui.jp/tisan/sangakukan/jitsuwafukui/images/textile/sankei02.jpg,豊富な種類や色数を取り揃え、表地にマッチする様々な裏地を生産,裏地に求められる要求は、「薄くて軽い」「ソフトで丈夫」「伸縮性がある」など、用途や目的に応じてこれらが組み合わされています。また、「抗菌防臭」「吸湿」「撥水」など、機能性に対する要望も多岐にわたります。さらに、表地に合わせて微妙な色の違いに拘ったカラー展開にも柔軟に対応する必要があります。これら様々な商品の生産に対応出来る様に、薄地商品の加工に特化した専用生産ラインを設けており、必要な商品を､必要な時に､必要な量だけ短サイクルで供給できる体制を整えています。商品の種類は300品番以上あり、各品番に最大200色の定番カラーを展開する事で、時代が求めるアパレル･ニーズにお応えする事が出来ます。,http://info.pref.fukui.jp/tisan/sangakukan/jitsuwafukui/fashion/32.html
世界最軽量の芯地商品,,ファッション,株式会社三景,http://info.pref.fukui.jp/tisan/sangakukan/jitsuwafukui/images/textile/sankei03.jpg,接着芯地としては驚異の軽さ12ｇ/㎥の芯地を実現欧州の数々のファッションブランドで採用,服を建築物で例えると、表地が外壁ならば、芯地は鉄筋コンクリートになります。芯地は外から見えない副資材ですが、服づくりにおいては欠かす事の出来ない大切な役割を担っています。【保型性】表地を補完して美しいシルエットやデザインを保ちます。【成形性】全体や部分的にハリを出したり、構築的なシルエットを作り出したり、形を整えます。【可縫性】芯地を貼ることで縫製がしやすくなります。この様に芯地は、柔らかくてしなやかな素材、厚くて毛足のある素材、薄くて透け感のある素材など多種多様な素材に対応する必要があります。幅広い商品ラインナップを用意している中で、世界最軽量の芯地商品は、世界のトップブランドが認めた当社の技術です。,http://info.pref.fukui.jp/tisan/sangakukan/jitsuwafukui/fashion/32.html
国産視力補正用プラスチックレンズのキャスティング,国内シェア1位,ファッション,株式会社サンルックス,http://info.pref.fukui.jp/tisan/sangakukan/jitsuwafukui/images/eyewear/sunlux02.jpg,国内キャスティング（＝液状の樹脂を型に流しこみ成形する技術）生産量 国内シェア1位,プラスチックレンズは液体の原料をガラスの型に流し込んで成形しますが、通常、樹脂が硬化するのに20時間を要していました。当社は高周波を取り入れることで、わずか3.5時間で硬化させることに成功。世界最高の品質で世界のコストに挑戦しています。視力補正用の超高屈折率プラスチックレンズは、目の悪いお客様へ、薄く・軽く・かけ心地のいいレンズを提供しています。新商品の開発にも力を注ぎ、目の健康に必要な成分である” ルテイン”について、光から網膜のルテインの損傷を防ぎ、網膜を守ることで目の健康を保つルティーナレンズの開発に成功し、量産化。これからのメガネレンズのスタンダードを創っていきます。,http://info.pref.fukui.jp/tisan/sangakukan/jitsuwafukui/fashion/127.html
硬質アルマイトへの着色処理,,自動車,三和メッキ工業株式会社,http://info.pref.fukui.jp/tisan/sangakukan/jitsuwafukui/images/chemical/sanwamekki02.jpg,硬くて剥げない着色技術として、自動車部品などに活用,アルマイト処理とはアルミニウム専用のめっき処理のことで、より硬度や耐摩耗性が高いのが硬質アルマイト処理です。当社は、技術的に困難とされる硬質アルマイト処理後の着色処理を、独自の工程および染料の開発により実現しており、この技術で特許を取得しています。また当社は、国内の製造業の営業用ホームページのコンテスト「エミダスホームページ大賞2005」でグランプリに選ばれるなど、企業・個人向けの受注サイトを充実させており、ネット受注により多様なオーダーに応えています。また、SNSにも力を入れており、Twitterの活用と、Facebook上に自社と自社技術のファンページを開設しています。,http://info.pref.fukui.jp/tisan/sangakukan/jitsuwafukui/car/060.html
理容・美容ハサミ,,ファッション,有限会社シザーズ内山,http://info.pref.fukui.jp/tisan/sangakukan/jitsuwafukui/images/other/scissours-yamauchi02.jpg,プロのハイレベルな要求に応える職人の技,日本の理容技術は世界トップレベルにありますが、世界理容競技大会に出場する日本代表選手は当社のハサミを使用しています。世界理容競技大会では、1本のうぶ毛や皮膚から出ている0.1mmの毛、1本の毛を半分に切ることなどが要求されるため、刃先の幅が0.3mm、厚さが0.3mmの薄さになるよう精巧に仕上げたハサミを提供しています。こうしたハサミを製造する職人の技能が認められ、平成19年度の「現代の名工」に当社の創業者が選ばれています。,http://info.pref.fukui.jp/tisan/sangakukan/jitsuwafukui/fashion/170.html
統合人事システム「Fellowship人事」,,機械・ロボット,株式会社シー・シー・ユー,http://info.pref.fukui.jp/tisan/sangakukan/jitsuwafukui/images/ict/ccu02.jpg,金融機関や医療機関向けの人事関連サブシステムが充実,中堅企業向け人事・給与・就業管理システムとして開発、販売してきたシステムですが、多人数かつ人的能力に依存する事業所様にとって便利な機能を多く有します。特に金融機関向けの豊富な機能により、現在、全国の地域銀行の5行に1行様で採用されています。また、医療機関向けの機能も拡充させ、医科大学様等へも採用を拡げています。今後は人財の活性化の為のタレントマネジメント機能やクラウドサービスによる提供により、導入の容易な高機能の商品にさらに育てていきたいと考えています。,http://info.pref.fukui.jp/tisan/sangakukan/jitsuwafukui/machine/155.html
携帯電話でパソコンサイトを見るソフト（jigブラウザ）,,スマートフォン,株式会社 jig. jp,http://info.pref.fukui.jp/tisan/sangakukan/jitsuwafukui/images/ict/jig02.jpg,容量をバイト単位で小さくし、高速化。快適な動作を実現,1人1台ほとんどの人が持っている携帯電話。しかしながら、スマートフォンではない携帯電話向けサイトは、パソコンと比較して情報量が極端に少なく、検索しても十分な情報が得られませんでした。もしパソコンのサイトをそのまま見ることができれば…そんな思いで開発したのが、この携帯電話初のダウンロード型フルブラウザ「jigブラウザ」で、2004年10月の提供開始以来、累計利用者数は約400万人以上となっています。,http://info.pref.fukui.jp/tisan/sangakukan/jitsuwafukui/smartphone/156.html
プラスチックの製品寿命を飛躍的に延ばす紫外線吸収剤,国内シェア40%,社会インフラ・ソリューション,シプロ化成株式会社,http://info.pref.fukui.jp/tisan/sangakukan/jitsuwafukui/images/chemical/shipro02.jpg,紫外線吸収剤の販売数量国内シェアトップクラス（約40％）,太陽光に含まれる紫外線をカットすることにより、紫外線によるプラスチックの劣化を防ぎ、プラスチックの製品寿命を飛躍的に延ばすことができます。新幹線の窓に使われるポリカーボネートや、自動車のヘッドライト・バンパー・シートカバー・シートベルトや、PC・TV・スマートフォンに採用されている有機ELディスプレイ、眼鏡やコンタクトレンズにも当社の紫外線吸収剤が使用されており、その販売数量は国内シェアトップクラス（40％）。身近な製品に、多数採用されています。,http://info.pref.fukui.jp/tisan/sangakukan/jitsuwafukui/city/061.html
ニュークックチルシステム対応ＩＨ専用食器、トレー,,医療,株式会社下村漆器店,http://info.pref.fukui.jp/tisan/sangakukan/jitsuwafukui/images/other/shimomura-sikki02.jpg,高度なコーティング技術により病院食器に漆器の高級感,ニュークックチルシステムとは、チルド保存された料理をそのまま配膳して器ごと再加熱する方式で、温かく安全な食事の提供ができるほか、盛り付けに要する手間も削減できる画期的システムです。この最先端のシステムは、病院などの集団給食用として全国各地で導入が進められています。当社は、チルド状態の食材を約150℃で熱することができる電磁調理器（IH）対応の個別食器と、これらの食器を運ぶためのトレーを開発し、暖かい食事と冷たい食事を同時に提供できるシステム食器として全国に提供しています。（平成21年に「第3回ものづくり日本大賞」の優秀賞を受賞）また、食事を加熱させる他の加熱方式（スチーム式、マイクロ波式）によるニュークックチルシステムにも対応した食器の開発にも成功し実用化させています。,http://info.pref.fukui.jp/tisan/sangakukan/jitsuwafukui/medical/171.html
レスペックケース（レンタル用DVDケース）,国内シェア1位,住宅・家電,株式会社ジャストコーポレーション,http://info.pref.fukui.jp/tisan/sangakukan/jitsuwafukui/images/plastic/justcorp02.jpg,特許取得・自社製造した、DVD・CDケース,当社は大手レンタルDVD店で利用されているレンタル用DVDケースを開発・製造しました。考案したケース「レスペックケース」の発明により、ケース自体にセキュリティ機能を兼ね備えた、リーズナブルで利便性の高いレンタル専用ケースを登場させました。この「レスペックケース」を導入することで お客様は商品棚に並んでいるケースの中身「内ケース（商品入）」だけを抜き取り、レジにて、内ケースごとレンタルするという「レンタルするまでの流れ」も作りあげました。また、店側も今までのように空箱を戻す手間やバックヤードへ商品を探しに行く事も無く、お客様をレジに待たせる時間も解消する事ができ、大変喜ばれました。今では当たり前のこの一連の流れですが、この仕組みによりバックヤードスペースの必要も無くなる為、商品陳列のスペース拡大にも繋がりました。一方、お客様側もパッケージの柄が無い透明な内ケースをレジに持って行く事で、周りのお客様の目を気にせずにレンタルすることが可能になり、プライバシーの観点からも喜ばれる事になりました。,http://info.pref.fukui.jp/tisan/sangakukan/jitsuwafukui/culture/76.html
中学校用木工教材,国内シェア1位,社会インフラ・ソリューション,株式会社シャトル,http://info.pref.fukui.jp/tisan/sangakukan/jitsuwafukui/images/other/shuttle02.jpg,長く携わる中で培った製造技術を生かして、魅力ある教材を次々と開発,中学校の技術の授業に用いられる木工教材。当社の木工教材は、オリジナルブランド「スーパーキング」として全国の中学校で採用され、中学校用木工教材の生産において国内シェアナンバーワン（30%）を誇っています。自ら考え工夫して取組むことで “感性” を養うことができ、ものづくりの大切さや完成の喜びを体得させるものとして教育の一分野を担っています。その他、マシニングセンター、NC旋盤、研削盤等を使っての金属精密部品加工、ゲートボール及びスカットボール等ニュースポーツ、繊維機械部品、木工製品の製造をしていますので、木材、金属、プラスチック等のいろいろな素材への対応ができます。,http://info.pref.fukui.jp/tisan/sangakukan/jitsuwafukui/city/172.html
自動車に表示する各種コーションラベル（注意書き）,国内シェア1位,自動車,ジャパンポリマーク株式会社,http://info.pref.fukui.jp/tisan/sangakukan/jitsuwafukui/images/chemical/japanpolymark02.jpg,過酷な状況下でも耐久性に優れた、世界品質のラベル,ＰＬ法の施行により、各メーカーは自動車に永久接着のコーション（注意書き）ラベルによる表示が必要となりましたが、当社は国内で初めてその研究に着手し、技術開発に成功しました。自動車のサンバイザーに表示するエアバッグのコーションラベルや、自動車のシートベルトに表示するシートベルトのコーションラベルを各自動車メーカーに供給し、国内でトップシェアを獲得しています。,http://info.pref.fukui.jp/tisan/sangakukan/jitsuwafukui/car/062.html
模倣対策熱転写ラベル,,スポーツ,ジャパンポリマーク株式会社,http://info.pref.fukui.jp/tisan/sangakukan/jitsuwafukui/images/chemical/japanpolymark03.jpg,ブランド独自の模倣対策を支援。国内外有名スポーツアパレル・カジュアルのブランドマークに採用。,サッカーでは多くのサポーターが、サポートするチームのユニフォームを着て試合を観戦します。そのユニフォームのナンバーやネーム（選手名）もチームのブランドです。このブランドを守るために、2007年にＪリーグチームのナンバーやネーム向けに「模倣対策熱転写ラベル」を開発し、2008年からはサッカー日本代表ユニフォーム用にも採用されています。熱転写が可能な素材であれば、この模倣対策熱転写ラベルによって、ブランドの信頼を高めることができます。,http://info.pref.fukui.jp/tisan/sangakukan/jitsuwafukui/car/062.html
ニッケルフリーの超弾性チタン合金「エクセレンスチタン」,国内シェア1位,ファッション,株式会社シャルマン,http://info.pref.fukui.jp/tisan/sangakukan/jitsuwafukui/images/eyewear/charmant02.jpg,無限の可能性をもたらす素材に対するこだわり,金属研究の世界的権威である東北大学金属材料研究所と8年間に渡る研究開発の末、実用化に成功した、「エクセレンスチタン」は、①強さ、②軽さ、③さびにくさ、④ニッケルフリーというメガネフレームに求められる性能を全て併せ持ちます。さらには⑤柔らかく曲がり、元の形状に戻る「超弾性」という性能を発現するため、メガネフレームのつるに採用することで、掛けている人の頭を包み込むような柔らかな感触（掛け心地）を長く持続する、まさにメガネフレームにとって理想的なベネフィットを実現することが出来ました。2009年に発売した「ラインアートシャルマン」を始め、エクセレンスチタンを使用した商品は、国内および海外の販売累計500万枚（2021年9月現在）を超え、その掛け心地の良さを高く評価いただいております。またスタイリッシュなデザインとトレンド感を取り入れた「ラインアートシャルマン　アイ・シリーズ」を新たに加え、幅広い世代に向けた商品として展開し続けております。,http://info.pref.fukui.jp/tisan/sangakukan/jitsuwafukui/fashion/128.html
チタン製メガネフレームのレーザ微細接合技術,国内シェア1位,ファッション,株式会社シャルマン,http://info.pref.fukui.jp/tisan/sangakukan/jitsuwafukui/images/eyewear/charmant03.jpg,レーザ微細接合技術が切り拓くメガネフレームの可能性,微細な金属部品をレーザで接合する技術を開発し、従来の接合方法では実現できなかったメガネフレームの常識を打ち破るデザイン性と機能性を兼ね備えた製品の製造が可能になりました。レーザ微細接合技術は、0.5mm以下のスポット径でレーザを照射することで、瞬時に金属を溶かし接合することができるため、フレーム素材にかかる高温の熱影響を最小限に抑え、素材の特性を活かした製品を実現します。それによって、直径0.6mmよりも細いワイヤーを複数で構成した立体造形のつるにおいて、エクセレンスチタンの特長である超弾性特性を発揮した組立てが可能となり、従来にはない快適な掛け心地と美しく独創的なデザインの「ラインアートシャルマン」の商品化に成功しています。,http://info.pref.fukui.jp/tisan/sangakukan/jitsuwafukui/fashion/128.html
脳外科用マイクロ剪刀,,医療,株式会社シャルマン,http://info.pref.fukui.jp/tisan/sangakukan/jitsuwafukui/images/eyewear/charmant04.jpg,眼鏡製造で培った技術をもとに、福井大学医学部と共同開発,メガネフレーム製造開発で培ったレーザ微細接合技術やチタン精密加工技術を駆使し、4種の素材を適材適所に配した世界初のマイクロ剪刀。その開発に当たっては刃の切れ味とその持続性実現のための素材選定から刃の擦れ具合、操作性、視認性、剛性に始まり、切っている感触とそのバネ持続性などを福井大学医学部と共に何度も試作し、進化させました。目指したのは深部操作を長時間精緻に行う手術における術者への疲労問題の解決と、スピーディーな手術による時間短縮による患者への身体的な負担減。当社はその問題に対し、円滑にストレスを感じることなく、しかも心地良く扱えるようハイブリッドに作り込んだマイクロ剪刀を提案。その取り組みと開発力、そして技術力が高く評価され、2014年にはグッドデザイン金賞を受賞いたしました。,http://info.pref.fukui.jp/tisan/sangakukan/jitsuwafukui/fashion/128.html
放射線防護眼鏡 「CHARMANT RSG」,,医療,株式会社シャルマン,http://info.pref.fukui.jp/tisan/sangakukan/jitsuwafukui/images/eyewear/charmant08.jpg,眼鏡フレームメーカーならではの独自の3点支持フレームで鼻にかかる重さを分散・軽減,2011年に韓国で開催された国際放射線防護委員会（ICRP）において、放射線から術者の目の水晶体を守るため、等価線量限度の引き下げが勧告されました。これにより、今後、具体的数値を伴った法令改正が見込まれ、X線から水晶体を保護するためには、重さのある鉛入りレンズを放射線防護眼鏡に使用する必要があります。当社は、眼鏡フレームの研究・開発で培ったノウハウを投入し、鼻にかかる重さの負担を、圧力分散の設計で解決。総合眼鏡フレームメーカーならではの提案を行っています。,http://info.pref.fukui.jp/tisan/sangakukan/jitsuwafukui/fashion/128.html
CNCスウェージングマシンによる金属成形,,自動車,株式会社ジャロック,http://info.pref.fukui.jp/tisan/sangakukan/jitsuwafukui/images/machine/jaroc02.jpg,スウェージングによる高精度な加工に強み,CNC（コンピュータ数値制御）スウェージング（回転冷間鍛造）という方法を使い、径方向と軸方向の寸法調整が容易になり、寸法精度の高い加工が可能です。眼鏡フレームに使う金属部品を加工する技術から、自動車部品や医療部品など様々な分野に展開しています。海外専用機械も業界で初めて開発し、お客様は国内だけでなく海外まで広がっています。,http://info.pref.fukui.jp/tisan/sangakukan/jitsuwafukui/car/103.html
環境に優しいSDGsに適したクリーンな印刷,,スマートフォン,株式会社秀峰,http://info.pref.fukui.jp/tisan/sangakukan/jitsuwafukui/images/machine/shuhou02.jpg,空気・水以外は何でも印刷できる。この技術のグローバル化を目指して,眼鏡や、携帯電話、デジタルカメラ、時計などなど、様々なアイテムに採用されておりますが、近年は、自動車や住宅部品に多く採用されております。SDGsやカーボンニュートラルにも適した技術で、日本だけでなく、世界の自動車にも、多数採用されております。この印刷技術を世界に広げようと、印刷機の販売・ライセンス契約も進めております。近い将来、この印刷技術が、グローバルスタンダード（世界標準）にすることを目指しております。,http://info.pref.fukui.jp/tisan/sangakukan/jitsuwafukui/smartphone/104.html
防草シート「チガヤシート」,,社会インフラ・ソリューション,株式会社白崎コーポレーション,http://info.pref.fukui.jp/tisan/sangakukan/jitsuwafukui/images/textile/shirasakicorp02.jpg,2層構造にして強度と耐久性の両立を実現,防草シートは太陽の光を遮ることによって雑草の繁茂を防ぎますが、先端が尖っているチガヤなど多年生の雑草の一部は、シートを突き破って伸びようとする性質があります。当社のチガヤシートは、チガヤの突き抜けを防ぐのに必要な強度と約10年の耐久性を兼ね備えた製品です。雑草対策及び管理コストの軽減を目的に、道路や鉄道沿線、近年は太陽光発電施設などでも採用されています。現在では当社の防草シートは全国で年間約330万㎡分使用されています。,http://info.pref.fukui.jp/tisan/sangakukan/jitsuwafukui/city/032.html
航空機部品向けノンクリンプファブリック,,航空・宇宙,株式会社SHINDO,http://info.pref.fukui.jp/tisan/sangakukan/jitsuwafukui/images/textile/shindo02.jpg,エアバス社A320neoほか多数の航空機向けエンジンに搭載,航空機製造現場では、部品の軽量化を図るため炭素繊維複合材料が積極的に採用されていますが、エンジン部品においては、高い耐久性と複雑形状が必要とされ、複雑形状加工が難しい複合材料が採用されることは少ない状況でした。当社は炭素繊維を屈曲させず、複雑形状にしても皺になりにくいドレープ性の高い布帛「ノンクリンプファブリック」を製造する技術開発に成功。IHIグループに提供され、大手航空機メーカーのエンジン部品製造に採用されています。さらに、本技術を応用し、船舶用スクリューや自動車部品として提供。低燃費、運動性能の向上、騒音低減を実現しました。次世代の高性能産業資材を提案し、技術革新を遂行しています。,http://info.pref.fukui.jp/tisan/sangakukan/jitsuwafukui/aerospace/033.html
"41,000点の品揃えを誇るファッションリボンS.I.C.（SHINDO ITEM CATALOG）商品",,ファッション,株式会社SHINDO,http://info.pref.fukui.jp/tisan/sangakukan/jitsuwafukui/images/textile/shindo03.jpg,多種多様な混繊糸に対応した織編技術による、豊富なバリエーションの服飾資材,"ポリエステル、レーヨン、ナイロン、アクリル、綿、ウールなど多種多様な混繊糸に対応した織り技術と編み技術を駆使し、多様なデザインを具現化。リボン＆テープ、ニット、チロルテープ、パイピング、コード＆トリミング、ブレード（組紐）、ストレッチ、マイクロスェード（人工皮革）の8つのカテゴリーすべてに対応し、豊富な種類のテープを小ロット、短納期で提供できるビジネスモデルです。8つのカテゴリーすべてに対応できる織編技術は他社に真似ができず、その品揃えは41,000点に及び、多くの国内外有名ブランドに採用されています。",http://info.pref.fukui.jp/tisan/sangakukan/jitsuwafukui/aerospace/033.html
薄膜チップ抵抗器,,スマートフォン,進工業株式会社,http://info.pref.fukui.jp/tisan/sangakukan/jitsuwafukui/images/electro/susumu02.jpg,数nm～1μm以下の膜である「薄膜」その特徴ある性能は現代のエレクトロニクス業界の最重要技術に属する,超精密級の薄膜チップ抵抗器等は、高い品質への信頼を全世界で高い評価獲得しており、５Gなどの情報通信分野、EV化の進む自動車分野、医療分野、宇宙航空分野などの成長性が高い分野、業界を中心に展開し、年々業績を拡大しています。,http://info.pref.fukui.jp/tisan/sangakukan/jitsuwafukui/smartphone/145.html
「ｅ-Ｂｏｘ」（簡易喫煙ボックス）などのアルミ製建材製品,,社会インフラ・ソリューション,スワン商事株式会社,http://info.pref.fukui.jp/tisan/sangakukan/jitsuwafukui/images/machine/swan02.jpg,施設内の分煙を可能にするパネル組立式の簡易喫煙ボックス,分煙化が推進される中、非喫煙者と喫煙者が同一のオフィス内、工場内などで快適に共存することを可能とする喫煙ボックスです。アルミフレーム枠のパネル組立方式なので、狭い間口からの搬入・設置や、高層階施設内への搬入・設置も低コスト・短時間で行えます。またパネル組立枚数により、2～3人用（5.7㎥）、4～6人用（11.4㎥）の2種類を揃えています。換気設備については、ボックス内の煙や臭いを天井取付の換気扇からダクトを通じて屋外へ排出する方式を採用。厚生労働省の「健康増進法」の喫煙対策ガイドラインに沿った性能を有しています。,http://info.pref.fukui.jp/tisan/sangakukan/jitsuwafukui/city/105.html
自動車用内装材（カーシートなど）,世界シェア1位,自動車,セーレン株式会社,http://info.pref.fukui.jp/tisan/sangakukan/jitsuwafukui/images/textile/seiren02.jpg,カーシート用生地の生産世界シェアNo.1,当社は、カーシート用生地の生産（ファブリック、合成皮革、本革のシート表皮材）で世界シェアナンバーワンを誇っています。さらに、エアバック、加飾パーツなど自動車用内装材をトータルに提供。グローバル拠点（日本、北中米、南米、中国、東南アジア、南アジア、欧州）を活かして、世界中へ時間差なし、距離感なしに同じ品質の製品を供給しています。さらに、ますます多様化するニーズに対応していくため素材開発を進め、軽量化、安全性、環境負荷低減、新機能、価値観を追求した新しい付加価値商品として“革を超えた新素材”「QUOLE（R）」、“シート表面温度を制御する快適＆ECO機能素材”「MODURE（モジュレ）」、“車内のニオイを素早く消臭”「イノドールクイック（R）」などの開発・拡販に取り組んでいます。,http://info.pref.fukui.jp/tisan/sangakukan/jitsuwafukui/car/034.html
「Viscotecs make your brand」ビスコテックス メイク ユア ブランド,,ファッション,セーレン株式会社,http://info.pref.fukui.jp/tisan/sangakukan/jitsuwafukui/images/textile/seiren03.jpg,当社独自のデジタルプロダクションシステムによる世界初のパーソナルオーダーブランド,等身大モニターとタブレットを用いてバーチャル試着をしながら、お好みの型（シルエット）、柄、色、サイズを選んでワンピースを製作することのできる、画期的なパーソナルオーダーシステム。その組み合わせは47万通りとも言われ、着替えをしなくても理想の一着に出会える新しい試着スタイル「デジタルフィッティング」により、楽しみながら「自分だけの、最高の一着」をつくることができます。当社独自の一貫生産システムとIT技術が融合し、企画から製造、販売まで行うデジタルプロダクションシステムは、従来のファッション業界の常識を覆す新サービスとして注目されています。また、緻密な計算に基づいた型（シルエット）が、ボディラインを美しく見せる視覚効果を引き出し、顔映りや着用時のバランスを考えて色・柄を調整するなど、これまで積み重ねてきたすべてのノウハウが随所に光り、製品のクオリティを保証しています。,http://info.pref.fukui.jp/tisan/sangakukan/jitsuwafukui/car/034.html
ロケット用防音ブランケット,,航空・宇宙,セーレン株式会社,http://info.pref.fukui.jp/tisan/sangakukan/jitsuwafukui/images/textile/seiren04.jpg,JAXAロケット「イプシロン」や「H－ⅡＢロケット」に採用,ロケット先端部（フェアリング）の内部に装備される防音材。特殊スポンジ吸音材により高度な吸音性能を有し、ロケット打ち上げ時および飛翔時の爆音や振動から、人工衛星や補給機を守る役割を担っています。クリーンルームで着用する防塵衣の技術を応用し、防塵性のある素材をフィルター材として使用している点も、当製品の大きな特長。振動により発生するチリやホコリの拡散を防ぎます。また、当社が開発した導電糸を織り込むことで、優れた制電性能を発揮し、宇宙空間の使用で必須とされる「静電気の抑制」を実現しました。さらに、精密な縫製技術により、様々な形にフィットさせた製品を提供。繊維素材を使用することでロケット軽量化へ貢献するなど、防音性能にとどまらない当社の高い技術力・提案力が評価されています。,http://info.pref.fukui.jp/tisan/sangakukan/jitsuwafukui/car/034.html
ハウスラップ材「ラミテクト®」,,住宅・家電,セーレン株式会社,http://info.pref.fukui.jp/tisan/sangakukan/jitsuwafukui/images/textile/seiren05.jpg,外壁下地用の透湿防水シートで国内シェアNo.1,ポリエステル不織布をベースに、透湿性がアスファルトフェルトに比べて約70倍以上あるハウスラップ材。外壁下地用の透湿防水シートでは、国内シェアナンバーワンを誇っています。湿気を逃し結露による腐食を防ぐとともに、外部からの水の侵入に対しては防水層の役割を果たすことで、住まいの耐久性を向上させます。施工時には、構造材や断熱材を雨水から守ります。住まい全体を包みこみ、暖かい空気の流出を防ぎ、冷たい風の流入を遮断するなど、住まいの保温効果を高め、断熱施工の効果をよりいっそう向上させています。アスファルトフェルトに比べ遙かに軽く、引っ張りや引き裂きに強い反面、カッターナイフで簡単に切断でき、施工性に優れている点も、生活者と施工者の両者へ広く活用いただいているポイントです。,http://info.pref.fukui.jp/tisan/sangakukan/jitsuwafukui/car/034.html
高性能消臭商品「ＤＥＯＥＳＴ®（デオエスト）」,,ファッション,セーレン株式会社,http://info.pref.fukui.jp/tisan/sangakukan/jitsuwafukui/images/textile/seiren06.jpg,わずか30秒で80％のニオイを消臭する下着。半永久的に続く消臭効果と抜群の着ごごちを両立,当社が開発した高性能消臭商品「ＤＥＯＥＳＴ（R）（デオエスト）」は、①わずか30秒で80％のニオイをスピード消臭、②100回洗濯しても消臭効果が持続、③いろいろなニオイに消臭効果を発揮、④強力な抗菌機能で雑菌の繁殖を防止　といった特長を有しています。ナノレベルのセラミックスがニオイをすばやく吸着して金属イオンがニオイを分解するため、消臭効果は半永久的に持続。また、高性能アンダーウェアとしての肌触りや着ごこちを追求し、デザイン改良を重ねました。近年、消臭への関心は非常に高く、現在、介護やインテリア、自動車など様々な分野のメーカーとの共同研究開発も行っています。,http://info.pref.fukui.jp/tisan/sangakukan/jitsuwafukui/car/034.html
天然たんぱく質「ピュアセリシンTM」を用いた製品,,ファッション,セーレン株式会社,http://info.pref.fukui.jp/tisan/sangakukan/jitsuwafukui/images/textile/seiren07.jpg,繭生まれの「ピュアセリシンTM」を様々な分野に応用,シルク特有のしっとりした風合いや艶やかな光沢を得るための工程は「精練」と呼ばれ、当社の歴史は「精練」から始まりました。この工程では、絹生糸の表面を覆う「セリシン」という天然たんぱく質を取り除いています。当社は、この「セリシン」に着目し、その特徴を解明。保水性・吸湿性に優れ、さらに美白機能・抗酸化機能・ガン抑制機能・細胞増殖機能・酵素安定化機能など様々な機能を有する成分であることを突き止めました。通常セリシンの大きさにはバラツキがあります。効果が高いとされる粒の大きさのみを精製する、世界初の独自製法で「ピュアセリシンTM」を開発し、化粧品のみならず医療医薬分野など様々な分野に応用しています。,http://info.pref.fukui.jp/tisan/sangakukan/jitsuwafukui/car/034.html
光通信用の部品基板（厚膜熱酸化膜付ウェーハ）,世界シェア1位,住宅・家電,セーレンＫＳＴ株式会社,http://info.pref.fukui.jp/tisan/sangakukan/jitsuwafukui/images/chemical/seiren-kst02.jpg,膜厚25μmまでの、均一で高品質な熱酸化膜を実現する加工技術,当社は、半導体や光通信に用いられるシリコンウェーハ上に、熱酸化膜などの各種膜付加工を行う国内初の成膜加工専門会社です。当社が製造する厚膜熱酸化膜ウェーハは、光通信の必須部品である光合分波器（光信号を１つに合波または複数に分波する装置）の基板や半導体デバイスの材料として採用されており、国内外の大手光通信デバイスメーカーへの独占的提供により、世界シェアナンバーワン（約70％）を誇っています。（平成18年に「元気なモノ作り中小企業300社（経済産業省）」に選定。平成19年に「第2回ものづくり日本大賞」の優秀賞を受賞。）,http://info.pref.fukui.jp/tisan/sangakukan/jitsuwafukui/housing/059.html
布目曲り自動矯正装置,国内シェア1位,ファッション,セーレン電子株式会社,http://info.pref.fukui.jp/tisan/sangakukan/jitsuwafukui/images/electro/seirendenshi02.jpg,世界で唯一、２つの検知機能を併せ持つデュアルモード検知方式の装置,各種織物、編物は染色仕上加工工程で、湾曲、斜行などの布目曲りが発生してしまいます。本装置は、緯糸の布目曲り方向および角度を検知し、コンピューター制御によって自動的にその布目曲りを矯正する、繊維加工業になくてはならない装置であり、国内シェアナンバーワン（90％）を誇っています。 当社は長年の研究による高度な技術と綿密な作業による高品質な製品の 供給を続けています。アジアを中心に海外の主要な展示会に出展し、グローバル展開を行っ ています。,http://info.pref.fukui.jp/tisan/sangakukan/jitsuwafukui/fashion/144.html
野球用木製バット,,スポーツ,ゼットクリエイト株式会社武生工場,http://info.pref.fukui.jp/tisan/sangakukan/jitsuwafukui/images/other/zett02.jpg,0.1ミリの精度が要求されるバット職人の技術,プロ野球のトップ選手が使用する木製バットは、そのほとんどが完全別注と言われるカスタム品で、3本のバイト（刃物）だけを使用して手作業で切削して製作しています。当社には、全国で数人しかいないとされるバット職人が2名在籍しており、年間約130名のプロ選手にバットを供給しています。精度の高いバットを約30分で製品の形状にまで仕上げる技術の習得には約5年が必要であり、若い世代への技術伝承にも取り組んでいます。,http://info.pref.fukui.jp/tisan/sangakukan/jitsuwafukui/sports/173.html
植物資源を不燃化する技術「セルフネン」,,住宅・家電,株式会社セルフネン,http://info.pref.fukui.jp/tisan/sangakukan/jitsuwafukui/images/chemical/cellfunen02.jpg,植物資源を不燃化する技術＜セルフネン＞,植物資源は再生可能な資源ですが、「燃える」「腐る」という性質により活用できる機会が限られています。その植物資源を100%活かすために「燃えにくい」「腐りにくい」という特質を付与することにより、活用の幅を広げ、付加価値を高めることができます。当社の技術「セルフネン」は植物資源に燃えにくく腐りにくいという特質を付与するだけでなく、炎が当たっても炭化するだけで着火せず、煙や有害ガスの発生も抑制しリサイクルも出来ます。セルフネン処理された植物資源素材は焼却時のCO2の発生が少ないため、セルフネン処理されてない素材より多くの炭素が固定化されます。,http://info.pref.fukui.jp/tisan/sangakukan/jitsuwafukui/housing/64.html
パソコンや家電製品などのプラスチック部の難燃剤,世界シェア1位,住宅・家電,大八化学工業株式会社　福井工場,http://info.pref.fukui.jp/tisan/sangakukan/jitsuwafukui/images/chemical/daihachi02.jpg,プラスチックに混ぜ易いように粉体状の製品とした技術が特徴,一般的な液体系難燃剤と比較し、「PX-200」は高純度とすることで固体（粉体）化を実現しました。この粉体化工程は過冷却現象を起こし、とても苦労しましたが、長年培ってきたエステル技術で問題を解決しました。結果、樹脂に添加する際、液体添加装置を必要とせず、樹脂生産の品種切り替えが容易となり、好評を得ています。,http://info.pref.fukui.jp/tisan/sangakukan/jitsuwafukui/housing/064.html
「立体展開検査方式」を搭載したラベル検査装置,,機械・ロボット,高嶋技研株式会社,http://info.pref.fukui.jp/tisan/sangakukan/jitsuwafukui/images/machine/takashimagiken02.jpg,画像処理に独自の工夫を加え、高精度自動検査装置を製作,ラベルが貼られたボトル製品（びん、缶、PET）等の外観を複数のカメラで撮像し、容器の形状・遠近歪等の補正によりひずみのない画像で自動検査する「立体展開検査方式」によって、従来の検査では困難だった比較的小さな破れ、汚れ、印刷不良などの欠陥を検出することが可能です。容器の向きに影響を受けず、高速ラインに対応できるため国内大手の飲料工場で数多く活躍しています。この技術は、飲料向けラベル検査だけでなく、立体物の外観検査等へも応用できます。,http://info.pref.fukui.jp/tisan/sangakukan/jitsuwafukui/machine/106.html
両頭フライス盤,国内シェア1位,機械・ロボット,株式会社武田機械,http://info.pref.fukui.jp/tisan/sangakukan/jitsuwafukui/images/machine/takedakikai02.jpg,熟練工のノウハウをデジタル化（数値制御化）し、高精度加工を実現,金型の元となるプレートには、ミクロン単位の高い精度と技術（寸法はもとより高い平行度・平面度・直角度）が求められます。受注するサイズも様々なので、プレート加工業者も多品種少量の受注に柔軟に対応する必要があります。両頭フライス盤は、材料を両側から同時に面削する機械であり、主に金型の元となるプレートの側面加工を誰でも高精度で行うことができます。本製品は、国内シェアナンバーワン（65％）を誇っています。,http://info.pref.fukui.jp/tisan/sangakukan/jitsuwafukui/machine/107.html
インナーウェア用レース（商品名：フォルポレース、レーシイ・リバーレース、ラックスレース）,国内シェア1位,ファッション,株式会社タケダレース,http://info.pref.fukui.jp/tisan/sangakukan/jitsuwafukui/images/textile/takedalace02.jpg,多種多様なレースデザインを創出。意匠活用優良企業として表彰も,当社は様々な用途のあるレースの中でも最も付加価値が高いインナーウェア用レースで国内シェアナンバーワン（40％）、世界でもトップクラスの生産量を誇っています。海外に生産子会社、生産合弁会社、販売子会社を持つなどグローバルな展開を図っており、当社のレースは日本はもとより欧米、アジア諸国にも販売されています。,http://info.pref.fukui.jp/tisan/sangakukan/jitsuwafukui/fashion/036.html
刃物、包丁用の異種金属複合材料（クラッド材料）,,住宅・家電,武生特殊鋼材株式会社,http://info.pref.fukui.jp/tisan/sangakukan/jitsuwafukui/images/machine/takehuyokusyu02.jpg,金属を知り尽くすことで確立した異種金属接合技術,当社が製造する性質の異なる2種以上の金属からなる複合材料（クラッド材料）は、各々の金属の長所を併せ持つ高機能材料として主に刃物用（家庭用から工業機械用まで）に使用され、業界ナンバーワンの高いシェアを占め、市場の信頼を得ています。中でもステンレス系オリジナル刃物鋼材（Ｖ鋼シリーズ）は、刃物業界で高い評価を受けています。刃物鋼をコアにし、両側を多積層にしたキッチンナイフは意匠性に優れ、強靭性を発揮。切れ味良く永切れ性を高めた包丁を、世の中に提供しています。,http://info.pref.fukui.jp/tisan/sangakukan/jitsuwafukui/housing/108.html
各種蚊帳（かや）,国内シェア1位,住宅・家電,タナカ株式会社,http://info.pref.fukui.jp/tisan/sangakukan/jitsuwafukui/images/other/tanaka02.jpg,夏を快適に過ごす蚊帳蚊やムカデ・エアコンの冷風から体を守ります,昔はどの家庭でも夏には必ず使用していた各種蚊帳。蚊やムカデ対策にはもちろんのこと、生活環境の変化により、①殺虫剤などの薬剤の不快感②エアコンの冷風が体に当たるのを防ぐ③節電への関心の高まり④蚊取り線香による煙や火災の心配など、蚊帳を求める人が、年々増えています。近年では、新しいインテリア・癒し空間として、再び室内用蚊帳が注目されていますがさらに、屋外で使用するアウトドア用蚊帳も人気があります。タナカでは、各種かやを原材料から一貫生産しており、国内シェアナンバーワン（90%）を誇っています。また当社製品は、百貨店、生協、スーパー、ホームセンター、ドラックストアほか、インターネットなどでお求めいただけます。,http://info.pref.fukui.jp/tisan/sangakukan/jitsuwafukui/housing/174.html
二次電池（充電式電池）用の正極材料,,自動車,株式会社田中化学研究所,http://info.pref.fukui.jp/tisan/sangakukan/jitsuwafukui/images/chemical/tanakachemical02.jpg,環境対応車などに使用される二次電池正極材料を開発・製造,当社の正極材料はEV（電気自動車）やHV（ハイブリッド車）、パワーツール（電動工具）などに幅広く搭載されているリチウムイオン電池やニッケル水素電池などの二次電池に使用されています。二次電池の主役がニッカド電池、ニッケル水素電池、リチウムイオン電池と移り変わるなか、当社は50年近くにわたり二次電池用の正極材料を製造販売し続けています。近年では、高出力が求められるHV用のニッケル水素電池や、高容量が求められるEV用のリチウムイオン電池向け高性能正極材料の開発・供給に注力しています。,http://info.pref.fukui.jp/tisan/sangakukan/jitsuwafukui/car/065.html
遺跡の形状保存剤,,カルチャー,株式会社田中地質コンサルタント,http://info.pref.fukui.jp/tisan/sangakukan/jitsuwafukui/images/other/tanaka-chishitsu02.jpg,粒子間の結合を強める成分｢ケイ素｣を材料にした製品開発,世界の遺跡などの文化遺産は近年の酸性雨などの環境変化の影響で急激に劣化・風化しており、その保全・修復が急がれています。遺跡の形状保存剤（商品名：TOT）は文化遺産の保存を目的に考古学者や化学者と共同で開発され、環境負荷の低い、安心・安全で使いやすい製品です。本製品は、エルサルバドルのマヤ遺跡の強化保存のほか、台湾地震断層の保存展示露頭面の強化保存処理に使用されています。,http://info.pref.fukui.jp/tisan/sangakukan/jitsuwafukui/culture/175.html
エンジン発電機,国内シェア1位,社会インフラ・ソリューション,デンヨー株式会社　福井工場,http://info.pref.fukui.jp/tisan/sangakukan/jitsuwafukui/images/machine/denyo02.jpg,波形歪が少なく、逆相耐量の大きい発電機,デンヨーのエンジン発電機は、台風・地震・火災などの災害時・病院の医療機器・ビルの排煙装置・オフィスや工場のコンピュータ・銀行のオンラインシステムなどの非常用電源としてさまざまな施設に導入されています。他の原動機と比較して熱効率が高く、燃料消費率が少なく経済的です。また、燃料は軽油やガソリンなどで容易に入手でき、国内シェアNo.1を誇っています。,http://info.pref.fukui.jp/tisan/sangakukan/jitsuwafukui/city/109.html
アルミ折戸「イスターカーテン」,国内シェア1位,社会インフラ・ソリューション,株式会社TOKO,http://info.pref.fukui.jp/tisan/sangakukan/jitsuwafukui/images/machine/toko02.jpg,アルミ製折れ戸に採用している「丁番（ちょうつがい）」はオンリーワン技術,アルミ製折れ戸「イスターカーテン」は、閉店後も店舗の中が見える透明シャッターの定番として広く知られ、空港ターミナルビルをはじめ全国の商業施設で多く採用され、2014年にはグッドデザイン　ロングライフデザイン賞を受賞しました。また、オンリーワン技術で進化を続ける「イスターカーテン」は圧倒的開放感を実現できる建具としても注目を集め、保育園や小学校など教育施設での採用機会が増えています。,http://info.pref.fukui.jp/tisan/sangakukan/jitsuwafukui/city/110.html
超薄地ニットの染色仕上加工,国内シェア1位,ファッション,東洋染工株式会社,http://info.pref.fukui.jp/tisan/sangakukan/jitsuwafukui/images/textile/toyosenko02.jpg,繊細で形状保持が難しい超薄地ニット生地の高品質な染色仕上加工,20ｇ/㎡以下のニット生地は手で触っただけでキズになる繊細なものです。軽量かつソフトで機能性も高く、トップメーカーのアウトドアウェア裏地など、多くの商品で採用されています。こうしたニット製品は高度な加工技術を要し、大部分の染色整理加工を当社が手掛けており、超薄地ニット加工といえば当社というイメージを打ち出すことができたと考えています。,http://info.pref.fukui.jp/tisan/sangakukan/jitsuwafukui/fashion/037.html
合成繊維に保湿機能を持たせる加工技術「ＳＫＩＮＤＹ」,,ファッション,東洋染工株式会社,http://info.pref.fukui.jp/tisan/sangakukan/jitsuwafukui/images/textile/toyosenko03.jpg,コラーゲンと繊維を化学結合で一体化させる画期的な手法,ナイロンは合成繊維であり、吸湿性・吸水性が乏しいですが、繊維とコラーゲンを一体化させる加工を行うことでこの課題を克服した、夢の繊維が出来ました。洗濯耐久性が高く、保湿性も高く肌に優しい群れ感やべたつき感が解消されており、Tシャツ、スポーツ、インナー分野に使用頂いております。,http://info.pref.fukui.jp/tisan/sangakukan/jitsuwafukui/fashion/037.html
吸水・撥水機能付快適衣料素材「アクアホール aquahole」,,スポーツ,東洋染工株式会社,http://info.pref.fukui.jp/tisan/sangakukan/jitsuwafukui/images/textile/toyosenko04.jpg,薄層アクアホールテクノロジー,一般的な吸水速乾の素材は如何によく水分を吸い込み、早く乾くことをうたい文句にしております。しかし乾くまでは表面が濡れています。アクアホールは吸水面に水分がほぼ残らないので、肌面がべたべたせず、汗をかいてもサラサラです。アクアホールの技術としては、生地全体に吸水処理を施したのち、凹凸のある生地面の凸部先端にのみ撥水加工を施します。そうすることで肌に接する凸部は常に乾いており、汗をかいてもサラサラな快適性を維持します。,http://info.pref.fukui.jp/tisan/sangakukan/jitsuwafukui/fashion/037.html
未来超音波製・超音波洗浄機,,機械・ロボット,常盤商事株式会社,http://info.pref.fukui.jp/tisan/sangakukan/jitsuwafukui/images/machine/tokiwa02.jpg,お客様のご希望に応じた洗浄装置を安価で提案,超音波洗浄機は、様々な製品の製造工程で要求される「洗浄」の分野で活用されています。しかし超音波洗浄機は高価であり、消耗品でもあることから、ランニングコストがネックになっていました。この問題を解決するために、当社では韓国・未来超音波技術と技術提携を行うことにより、低価格化の実現に成功いたしました。すべて特注設計のため、様々な仕様の超音波洗浄機を製作することが可能、そして特注設計に係る追加費用がありません。また、他メーカーの洗浄装置の「超音波装置」のみの交換も可能です。これは当社のオンリーワン技術で、全国各地から工事の依頼をいただいております。,http://info.pref.fukui.jp/tisan/sangakukan/jitsuwafukui/car/111.html
シートヒーター （蓄熱式ホットクッション、医療用など）,,医療 ,有限会社トップテクノ,http://info.pref.fukui.jp/tisan/sangakukan/jitsuwafukui/images/electro/top-techno02.jpg,ハイテクから日常製品まで応用されているシートヒーター,当社は、薄い・軽い・柔らかいを特長とした産業用シートヒーター（面状発熱体）専門のメーカです。当社シートヒーターは、医療分野をはじめ、工業、農業用になど幅広く使用されています。フレキシブルシートヒーターでは、業界に先駆け防水ラバーヒーターを開発し、また市場のニーズを受け、モバイルバッテリーに接続できるUSBケーブル仕様のヒーターも製品化しました。さらに、一般向けとして、特殊な蓄熱パックと組み合わせた オリジナル商品「ホット座布団・クッション」を開発。持ち運びが可能なうえ、1時間の蓄熱により暖かさを４～５時間保つことができ、冷え性でお困りの方はもとより寒い季節のスポーツ観戦や釣り、暖房の行き届かないオフィスでのデスクワークなどに最適な省エネ製品として好評を得ています。,http://info.pref.fukui.jp/tisan/sangakukan/jitsuwafukui/medical/146.html
眼鏡フレームに性質の全く異なる二つの素材を採用する「二重射出成型」技術,,ファッション,株式会社ナカニシビジョン,http://info.pref.fukui.jp/tisan/sangakukan/jitsuwafukui/images/eyewear/nakanishivsion02.jpg,二重射出成型技術をメガネフレームに採用したオンリーワン企業,フレームの外側には、耐久性に優れたナイロン素材を採用し、顔に直接触れる内側には、密着性に優れたラバー素材を採用することで、かけ心地と強度を両立。さらに、鼻パット不要で、デザイン性を保った製品を実現。機能性とデザイン性を追求する海外ブランドとの取引を通じて、当社の技術は洗練され、成長を続けています。要求される品質をクリアするため、弾力性や耐久性を試験できるオリジナル機器をも開発。その姿勢を高く評価いただいています。▼株式会社ナカニシビジョン　公式 Facebookhttps://www.facebook.com/OfficialNakanishiVision/,http://info.pref.fukui.jp/tisan/sangakukan/jitsuwafukui/fashion/130.html
道路反射鏡（カーブミラー）,国内シェア1位,社会インフラ・ソリューション,ナック・ケイ・エス株式会社,http://info.pref.fukui.jp/tisan/sangakukan/jitsuwafukui/images/plastic/nackks02.jpg,シェアNo.1を支える真空成形技術、真空蒸着技術,現在の車社会において「道路反射鏡（カーブミラー）」は、交通の安全に欠かせない重要な役割を担っています。皆様ご存知のとおり、全国の交差点や十字路、車庫や駐車場の出入り口など、各地に多数設置されています。当社は「道路反射鏡」の製造において国内シェアナンバーワン（約40%）を誇ります。また、この道路反射鏡に使われる「アクリル樹脂製鏡面」も国内シェアナンバーワン（約70%）を誇り、日々の交通安全に欠かせないものとなっております。（平成18年「元気なモノ作り中小企業300社」経済産業省に選定）,http://info.pref.fukui.jp/tisan/sangakukan/jitsuwafukui/city/075.html
FRPプール,国内シェア3位,スポーツ,ナック・ケイ・エス株式会社,http://info.pref.fukui.jp/tisan/sangakukan/jitsuwafukui/images/plastic/nackks03.jpg,FRP成形技術と工法、様々なノウハウの融合,従来、遊泳用のプールは現場施工の鉄筋コンクリート製がほとんどでしたが、近年は安全面での配慮などから、FRP（繊維強化プラスチック）製やステンレス製が採用されています。当社は、FRP成形に関する様々な技術や工法を基に、FRP製の大型プールを製造しており、遊泳用や競技用プールの他、医療用やリハビリ用など、様々な用途やニーズに応じた製品を提供し、国内シェア第3位（10％）を誇ります。また、この技術を応用しアクリル樹脂との複合板を成形したり全国の水族館で大型ＦＲＰ製水槽をご使用頂いています。,http://info.pref.fukui.jp/tisan/sangakukan/jitsuwafukui/city/075.html
大出力レーザ加工システム,,機械・ロボット,株式会社ナ・デックスプロダクツナ・デックスレーザＲ＆Ｄセンター,http://info.pref.fukui.jp/tisan/sangakukan/jitsuwafukui/images/machine/nadex02.jpg,大出力ファイバーレーザの高品位な深溶込み特性を、ものづくり（生産プロセス）に,ファイバーレーザ発振器の高品位なビーム特性を活かした生産プロセスへの展開が進むにつれ、高出力化が必要とされ、ナ・デックスグループは大阪大学接合科学研究所の支援を得て、発振器メーカーのＩＰＧと世界最大出力の100kwファイバーレーザ発振器の導入を計画し、研究開発拠点として本センターを設立しました。本センターでは、その世界一高密度なエネルギー源を利用したレーザ加工技術の開発・研究と生産システムを構成する加工ヘッド等の機器開発に取り組み、ナ・デックスグループとして大出力レーザ加工の生産プロセス提案、システムインテグレーテーションを行っております。,http://info.pref.fukui.jp/tisan/sangakukan/jitsuwafukui/machine/112.html
チタンの微細精密部品加工,,航空・宇宙,株式会社西村金属,http://info.pref.fukui.jp/tisan/sangakukan/jitsuwafukui/images/eyewear/nishimurakinzoku02.jpg,コア技術は、NC旋盤加工による微細精密切削加工,当社は、チタン加工＆ステンレス加工の微細加工・精密部品加工専門町工場です。特にチタン加工は、世界有数の眼鏡産地「鯖江」で、チタン製眼鏡フレームの開発にチャレンジしたのをきっかけに様々なノウハウが蓄積されました。当社加工製品は、メガネフレームをはじめ、医療用のチタン部品、チタンアクセサリー部品、航空機部品、インプラント、アルカリイオン水生成機のチタン電極部、光センサー部品などに使用され、これら製品の小型化、軽量化、高付加価値化に伴い、チタンの微細精密加工の需要が急増しています。（平成21年に「元気なモノ作り中小企業300社」（経済産業省）に選定）,http://info.pref.fukui.jp/tisan/sangakukan/jitsuwafukui/aerospace/131.html
繊維加工用フッ素フリー系撥水剤「ネオシード®NR シリーズ」,国内シェア1位,ファッション,日華化学株式会社,http://info.pref.fukui.jp/tisan/sangakukan/jitsuwafukui/images/chemical/nicca02.jpg,世界でも高シェアを獲得　撥水性とソフトな風合いを両立した性能バランスに優れた撥水剤,スポーツウェア等のアパレル製品に付与される撥水加工には広くフッ素化合物が使用されてきましたが、近年、フッ素化合物は環境中での残留性、生物蓄積性、人や生物への毒性懸念の観点からフッ素フリー系化合物への切り替えが進められています。ところが、従来のフッ素フリー系化合物ではフッ素系ほどの撥水性能が得られないため、その解決策が求められていました。当社が開発したフッ素フリー系撥水剤「ネオシード®NRシリーズ」は、フッ素系撥水剤に匹敵する優れた撥水性のみならず、撥水加工後の生地物性（ソフトな風合い、耐摩耗性、縫目滑脱抵抗性等）への影響にも配慮した製品です。当社は繊維加工用薬剤の世界的トップメーカーとして、健康と環境により優しいフッ素フリー系撥水剤の研究を積み重ね、業界に先駆けてグローバルに展開してまいりました。「ネオシード®シリーズ」は、現在、世界の大手アパレル・スポーツメーカーにて採用が進んでおります。,http://info.pref.fukui.jp/tisan/sangakukan/jitsuwafukui/housing/066.html
人工皮革用水系ウレタン樹脂「エバファノールシリーズ」,国内シェア1位,ファッション,日華化学株式会社,http://info.pref.fukui.jp/tisan/sangakukan/jitsuwafukui/images/chemical/nicca03.jpg,有機溶剤を用いない、環境にやさしい人工皮革製造用の水系ウレタン樹脂,衣服や靴・財布、カーシート、ソファなど様々な皮革製品には、天然皮革と共に人工皮革が使用されており、近年は機能性・耐久性・意匠性において、天然皮革と比べても遜色のない人工皮革が開発されています。しかし、それら人工皮革の多くは、有機溶剤を用いたウレタン樹脂を原料にしているため、VOC（揮発性有機化合物）やシックハウス症候群などの課題があり、環境への配慮から、水系ウレタン樹脂を用いた人工皮革のニーズが高まっています。当社は独自の樹脂合成技術や界面科学を駆使し、有機溶剤を用いない環境にやさしい水系ウレタン樹脂を開発。環境にやさしい人工皮革の提供に貢献しています。また、人工皮革メーカーが求める質感、強度、耐久性、染色性などの物性において、従来の有機溶剤系ウレタン樹脂を用いた人工皮革に匹敵する性能を達成し、高い評価を得ています。,http://info.pref.fukui.jp/tisan/sangakukan/jitsuwafukui/housing/066.html
リネンサプライ向け液体洗剤「グリーンパルシリーズ」,,ファッション,日華化学株式会社,http://info.pref.fukui.jp/tisan/sangakukan/jitsuwafukui/images/chemical/nicca04.jpg,落としにくかった油汚れを強力に一度で落とす当社のオンリーワン技術,ユニフォームやマット、モップ等に多用されているポリエステル繊維は油汚れとなじみ易いという性質があり、長期繰り返し使用による逆汚染（クスミ）が発生しやすいという問題を抱えています。しかし従来の洗浄剤ではポリエステル繊維に付着した油汚れに対する洗浄性や逆汚染防止性は十分ではありませんでした。当社の「グリーンパルシリーズ」はこれらの問題を解決すべく、当社の界面科学で培った技術を駆使した特殊界面活性剤（特許取得）を配合し、特にポリエステル素材等の合成繊維に付着した油汚れに対して非常に高い洗浄力（除去力）を発揮するだけでなく、逆汚染（クスミ）の発生も防止しています。これらの技術により洗浄後の衣料（リネン品）を繰り返し使用できるため、廃棄ロスにも繋がっています。,http://info.pref.fukui.jp/tisan/sangakukan/jitsuwafukui/housing/066.html
繊維加工用防炎剤「ニッカファイノン、ネオステッカー」シリーズ,国内シェア1位,住宅・家電,日華化学株式会社,http://info.pref.fukui.jp/tisan/sangakukan/jitsuwafukui/images/chemical/nicca05.jpg,独自開発した防炎加工剤。環境にやさしい原料を使用。,ホテルや病院など不特定多数の人が集まる施設で使用するカーテンは災害時の安全対策として、消防法で定められた防炎性能基準を満たしていなければなりません。当社は独自で開発した特殊な界面活性剤と分散技術を駆使し、カーテンなどの繊維製品に防炎性能を付与する防炎加工剤を製造・販売しています。同薬剤は人体や環境に配慮した原料を使用しており、カーテン類のみならず、自動車、電化製品等幅広く使用され、国内シェアナンバーワンを誇っています。カーテンなどの繊維製品は、洗濯を繰り返しても同等の防炎性能を維持する洗濯耐久性が求められます。当社の防炎加工剤は、防炎カーテンに用いられるポリエステル繊維を染色加工する際に、染料と同様に繊維内部に吸収されるため、高い洗濯耐久性を有しています。また防炎加工の際に発生する生地の染色ムラや染色機械の汚れといったリスクを低減するよう設計しているため、加工時のトラブルも防止できます。,http://info.pref.fukui.jp/tisan/sangakukan/jitsuwafukui/housing/066.html
ドライクリーニング用洗剤「ドライスターWP-1」,国内シェア1位,ファッション,日華化学株式会社,http://info.pref.fukui.jp/tisan/sangakukan/jitsuwafukui/images/chemical/nicca07.jpg,ドライクリーニングだけでは落ちなかった水溶性汚れを落とす,商業クリーニングには、水で洗う「ウエットクリーニング」と、溶剤で洗う「ドライクリーニング」がありますが、ドライクリーニングは、化粧品などの油汚れは落ちやすい一方、汗や食べこぼしなどの水溶性の汚れは落ちにくい性質を持っています。水溶性の汚れを落とすためには、しみ抜きなど特殊クリーニングの併用や、ウエットクリーニングを行うなどの処理が必要ですが、手間がかかるうえ、生地の収縮や色落ちが起きるなど多くの問題点がありました。そこで、当社は商業クリーニング用薬剤のトップメーカーとして、水溶性の汚れを格段に落ちやすくした画期的なドライクリーニング用薬剤「ドライスターWP-1」を開発。新技術（浸透・界面可溶化作用の融合）により水を使わずに水溶性の汚れを落とせるため、工程短縮に貢献しています。当社は商業クリーニング薬剤の製造販売において、国内シェアナンバーワンを誇っています。,http://info.pref.fukui.jp/tisan/sangakukan/jitsuwafukui/housing/066.html
美容室向けヘアカラー剤「アソートアリアC」,,ファッション,日華化学株式会社,http://info.pref.fukui.jp/tisan/sangakukan/jitsuwafukui/images/chemical/nicca08.jpg,美容師の使いやすさを追求。すべての髪色をコントロールできるヘアカラー剤,美容師のテクニックを徹底的に考慮した作業性の良さに加えて、従来品に比べて、刺激臭や髪へのダメージ低減を実現したヘアカラー剤を開発。ヘアカラー施術をする方、される方、双方の快適性が向上しました。5つのシリーズから構成される195色の多彩な色揃えも、当製品ならでは。5つのシリーズが連携しているため、白髪染め、おしゃれ染めなど様々なヘアカラーリングにおいて、希望の明るさや色味を実現します。さらに、ヘアカラー剤の作用は髪質によって変化するため、薬剤の塗布を慎重に行う必要がありましたが、髪質に対応した薬剤が豊富にラインナップされているため、髪のコンディションに応じた最適なカラーリングを提供しています。,http://info.pref.fukui.jp/tisan/sangakukan/jitsuwafukui/housing/066.html
グラビア印刷インキや磁気カードのバインダー（商品名：ソルバイン）,,住宅・家電,日信化学工業株式会社,http://info.pref.fukui.jp/tisan/sangakukan/jitsuwafukui/images/chemical/nissinchemical02.jpg,樹脂合成に関するノウハウの蓄積が技術力の根源。,「ソルバイン」は、塩化ビニルの強靭性、耐薬品性と酢酸ビニルの付着性、可塑性を活かしながら、さらに種々の極性基を付与した接着性、溶解性に優れた樹脂です。樹脂フィルムは、無味、無臭で耐水性が良く、吸水率が低いなどの優れた性質を持っています。当樹脂は、顔料の分散性に優れることから、塗料用バインダーや磁気カード用バインダーに用いられ、特にインキ分野では世界トップシェアを誇ります。,http://info.pref.fukui.jp/tisan/sangakukan/jitsuwafukui/housing/068.html
壁紙のツヤ消し剤（商品名：ビニブラン）,国内シェア1位,住宅・家電,日信化学工業株式会社,http://info.pref.fukui.jp/tisan/sangakukan/jitsuwafukui/images/chemical/nissinchemical03.jpg,水系壁紙用表面処理剤の国内シェアNo.1,壁紙には表面のツヤ消しのために表面処理が施されています。この表面処理剤には、有機溶剤をベースとした溶剤系表面処理剤と、水をベースとした水系表面処理剤とがありますが、当社ではシックハウス症候群などへの配慮から水系表面処理剤の開発を進めてきました。当社は、壁紙用表面処理剤の製造において国内シェアナンバーワン（約90%）を誇っています。,http://info.pref.fukui.jp/tisan/sangakukan/jitsuwafukui/housing/068.html
塗料・インクに配合されている濡れ剤（商品名：サーフィノール、オルフィン、シルフェイス）,,住宅・家電,日信化学工業株式会社,http://info.pref.fukui.jp/tisan/sangakukan/jitsuwafukui/images/chemical/nissinchemical04.jpg,濡れ剤の可能性を具現化する独自のノウハウ,塗料やインクなどを基材に塗る際には、塗料やインクが基材上で水滴にならずに均一に広がるように、“濡れ性” を良くする薬品（濡れ剤）を添加しますが、液体に濡れ剤を添加すると液体は泡が立ちやすくなります。泡が立つとムラの原因になるため消泡剤を添加しますが、一般的に消泡剤は濡れ性が悪くなります。当社は、これらの課題を解決した「泡の立ちにくい濡れ剤“サーフェノール”」を、エボニックインダストリーズ社の日本国内の代理店として取り扱っています。また、当社で独自の改良・改質を加え、水に混ざりやすく環境に配慮した濡れ剤を開発し、基材に合わせた多様な製品を製造しています。,http://info.pref.fukui.jp/tisan/sangakukan/jitsuwafukui/housing/068.html
ウレタンスポンジの複雑形状切断装置,国内シェア1位,住宅・家電,日東産業株式会社,http://info.pref.fukui.jp/tisan/sangakukan/jitsuwafukui/images/machine/nittoindustrial02.jpg,切断面を均一に凹凸加工する3次元立体加工技術を確立,ソファーやマットレス、スポンジタワシや防音材など、家具や寝具、建材などの様々なところにウレタンフォーム（スポンジ）が使われています。当社は、これらのウレタンフォームの切断・加工をするカッティングマシンの製造を行っています。従来の水平・垂直の平面の他、スポンジタワシのような凹凸加工も可能です。当社は、これまで培った技術とノウハウを基に、ウレタンフォームのカッティングマシンの製造において国内シェアナンバーワンを誇っています。（平成21年に「元気なモノ作り中小企業300社」（経済産業省）および「KANSAIモノ作り元気企業100社」（経済産業省）に選定）,http://info.pref.fukui.jp/tisan/sangakukan/jitsuwafukui/housing/113.html
複合電気絶縁材料,世界シェア1位,自動車,日東シンコー株式会社,http://info.pref.fukui.jp/tisan/sangakukan/jitsuwafukui/images/chemical/nittoshinko02.jpg,独自の信頼性評価法と専用ラインを確立し、顧客の信頼を獲得,二酸化炭素排出削減の一翼を担っているハイブリッドカーには、心臓部であるエンジンに代わる駆動モータと特殊な発電機が搭載されており、その性能を発揮するために高機能な電気絶縁材料が用いられています。当社は、ハイブリッドカー用のスロット、ウエッジ材用多層ラミネート材を1997年から販売し、世界シェアナンバーワンを誇っています。,http://info.pref.fukui.jp/tisan/sangakukan/jitsuwafukui/car/069.html
高放熱絶縁材料,,住宅・家電,日東シンコー株式会社,http://info.pref.fukui.jp/tisan/sangakukan/jitsuwafukui/images/chemical/nittoshinko03.jpg,高信頼の「絶縁層」を成形するプロセス技術で省エネ部品に貢献,近年の電子機器の小型化・高性能化における課題に「熱対策」があります。より放熱性の高い構成部材が広く用いられるようになってきました。省エネ効果の大きいエアコンのインバータ化においても、インテリジェント・パワー・モジュール（IPM）構成材料として、当社の高放熱絶縁材料が主要メーカーのエアコンに採用されています。さらに、今後は自動車の電動化に伴い、当製品を応用した新しい放熱絶縁材料の採用拡大を図っていきます。,http://info.pref.fukui.jp/tisan/sangakukan/jitsuwafukui/car/069.html
高圧配管用継ぎ手,国内シェア1位,機械・ロボット,株式会社日本エー・エム・シー,http://info.pref.fukui.jp/tisan/sangakukan/jitsuwafukui/images/machine/nihon-amc02.jpg,１平方センチメートルあたり200～400kgの高い内圧に耐える高度な製造技術,"機械の継ぎ手は、事故や故障を未然に防ぐため１平方センチメートルあたり200～400kgの高い内圧に耐えることが要求され、確かな品質と過酷な環境に耐えうる高度な製造技術が必要とされます。材料はカーボン鋼で特殊なものではありませんが、品質には、加工精度や表面仕上げ、内径の清浄度などが大きく影響するため、約12,000種類におよぶ生産品目について、管の内部への超音波洗浄や各部品の耐久性評価などを行っています。また、顧客の海外進出に対応するため、1997年から中国に、2006年からタイに、2013年にはフィリピンに工場進出し、国内製品と同等の安定した品質とローコスト化を実現。品質を維持したまま「多品種・小ロット・短納期」の顧客ニーズに対応しています。",http://info.pref.fukui.jp/tisan/sangakukan/jitsuwafukui/machine/114.html
大型トップライト（採光用 天窓）,,社会インフラ・ソリューション,日本真空化学株式会社,http://info.pref.fukui.jp/tisan/sangakukan/jitsuwafukui/images/plastic/nihonshinku02.jpg,ショッピングモールやアミューズメントパークに採用,"幅2,000mm×長さ6,000mmで、一体物の大型トップライト。長さ6,000mmの排煙装置一体型のトップライトは、当社のオンリーワン製品です。トップライトを施すことにより、採光面積を増やすことができるため、照明器具を減らすことで省エネにつながります。さらに、排煙装置一体型のため、商業施設、公共施設、工場など建築基準法や消防法で定められる排煙面積を屋根で対応することも可能です。当製品を使用することで、小さい排煙装置や、壁に窓を多数設置するよりも結果的に低コストとなります。また、工期の縮小も可能で、建設現場の人手不足にも貢献。今後、さらに大型の製品開発を目指してまいります。",http://info.pref.fukui.jp/tisan/sangakukan/jitsuwafukui/city/076.html
機械部品用ナイロン特殊成形品（モノマーキャスティングナイロン）,,機械・ロボット,日本真空化学株式会社,http://info.pref.fukui.jp/tisan/sangakukan/jitsuwafukui/images/plastic/nihonshinku03.jpg,製造が難しい「モノマーキャスティングナイロン」を事業展開,「モノマーキャスティングナイロン」は、従来のナイロン樹脂に比べて耐薬品性、耐摩耗性、耐熱性に優れ、産業用機械や建設用機械分野で車輪、歯車、軸受などの用途で活用されています。先発の大手メーカーが撤退する中、当社は従来から保有している押出成形技術をもとに、独自の成形方法、成形機、成形プラントを開発。製造技術を確立しました。現在では「モノマーキャスティングナイロン」を製造している国内企業3社のうちの1社となり、国内シェアの10％を占めています。今後はサイズバリエーションを増やすとともに、これまでになかった大型製品や異型品も加え、様々なニーズに対応してまいります。,http://info.pref.fukui.jp/tisan/sangakukan/jitsuwafukui/city/076.html
大口径アクリルパイプ,国内シェア1位,カルチャー,日本真空化学株式会社,http://info.pref.fukui.jp/tisan/sangakukan/jitsuwafukui/images/plastic/nihonshinku04.jpg,国内シェアNo.1。水族館の水槽に採用。,従来の大口径アクリル樹脂パイプ（φ600mm以上）は、アクリル板の曲げ加工を行い、接着して製作するため、接着部分に線状のつなぎ目（ダイス線痕）が発生しています。当社の製品は、遠心重合技術という独自技術で製造するため、接着部分のダイス線痕が無く、ガラス表面のようになめらかな質感を実現。ダイス線痕がある製品では、その部分がゆがんで見えるため、ダイス線痕のない、当社の製品が水族館の水槽として採用されています。また、従来製品と同じ強度を保つ一方、厚みは従来製品の半分であるため、より水槽の中身をクリアに見せることが可能。透明性や光沢、滑らかな質感や、軽量、強靭な特性に、好評をいただいています。,http://info.pref.fukui.jp/tisan/sangakukan/jitsuwafukui/city/076.html
ガラス繊維強化アクリル樹脂製（FRA）大型浴槽,国内シェア1位,カルチャー,日本真空化学株式会社,http://info.pref.fukui.jp/tisan/sangakukan/jitsuwafukui/images/plastic/nihonshinku08.jpg,真空成形技術と大型真空成形機を駆使し開発に成功した国内オンリーワン製品,従来の樹脂製浴槽はガラス繊維強化プラスチック（FRP）が主流ですが、これまでに培った真空成形技術と、独自に製造した国内最大の大型真空成形機を用いて、ガラス繊維強化プラスチックとアクリル樹脂の複合材であるFRAでの大型浴槽の製造に成功しました。水晶のような光沢を持ち、年月が経っても変色や色調の変化がなく、日光や風雨による劣化が少ないため、長時間の屋外使用にも耐えることができます。国内外の有名ホテルやフィットネスクラブのほか、個人の特注製品にも対応。当社独自の型作り技術により、短期低コストを実現。小プールや養殖水槽にも用途を拡大しています。,http://info.pref.fukui.jp/tisan/sangakukan/jitsuwafukui/city/076.html
肌や着衣に優しい織ネーム「ダムソフトエッジ®」,,ファッション,日本ダム株式会社,http://info.pref.fukui.jp/tisan/sangakukan/jitsuwafukui/images/textile/nippondom02.jpg,生産性の高いレピア織ネームの最大の弱点を克服した、繊細な技術,衣料品の襟の部分などに取り付けられ、ブランド名などを表示する織ネームは、細幅のテープに仕上げる際に熱を加えてカットするため、切断面となるエッジの部分ではポリエステル糸が溶けてガラス球状となってしまいます。それが肌を刺激して不快感を生んだり、他の着衣とこすれた場合にダメージを与える可能性がありました。そこで、当社は特殊技術を駆使して、この課題を完全に解決した織ネームを開発。著名アパレルメーカーの衣料品の襟や胸のネームなど、広範囲で使用されています。,http://info.pref.fukui.jp/tisan/sangakukan/jitsuwafukui/fashion/040.html
偽造防止織ネーム「ブランドセキュリティ®」システム,,ファッション,日本ダム株式会社,http://info.pref.fukui.jp/tisan/sangakukan/jitsuwafukui/images/textile/nippondom03.jpg,"真似のできない数種類の技術を複合的に組み合わせて製造
                      ブランド品の偽造品、模造品を見破ることのできる織ネーム。",ファッションブランド業界の最大の敵である偽造品、模造品の横行を防ぐために、特殊技術を駆使して製造した織ネームです。織ネームを確認することで本物と偽物をはっきり区別することができることから、著名ブランド品の真贋識別、偽造防止目的で使用されており、アパレル製品はもとより、バッグ、シューズなどの本体およびパッケージ、紙タグなどに取り付けられています。,http://info.pref.fukui.jp/tisan/sangakukan/jitsuwafukui/fashion/040.html
エアコン用ブラシレスDCモ－タ,世界シェア1位,住宅・家電,日本電産テクノモータ株式会社,http://info.pref.fukui.jp/tisan/sangakukan/jitsuwafukui/images/electro/nihondensantechno02.jpg,製品開発力と生産技術力 この２つのゆるぎない技術力が当社の成長を支えています。,近年、世界的にモータの省エネ化・省資源化が求められており、これを実現するのがブラシレスDCモータです。モータの専業メーカーである当社は、空調用ファンモータの革新的な技術の導入によりエアコンの進化を支えてきました。当社が業界の先陣を切ってモータのブラシレスDC（直流）化に成功し、これが世界で初めて商品化されたインバータエアコンに搭載されました。DCモータはエアコンの風量を細かくコントロールでき、モータ自体の効率も良いので、DCモータの搭載によりエアコンの省エネ化が急速に進みました。当社製品は、エアコンに搭載されるブラシレスDCモータのスタンダードとしての地位を確立しており、世界シェアトップを誇っています。（グローバルニッチトップ企業100選（経済産業省）に選定）,http://info.pref.fukui.jp/tisan/sangakukan/jitsuwafukui/housing/147.html
シームレス・ダブルラッシェル編機,世界シェア1位,ファッション,日本マイヤー株式会社,http://info.pref.fukui.jp/tisan/sangakukan/jitsuwafukui/images/textile/nipponmayer02.jpg,ピエゾでジャカードシームレス編機の高速化、高生産性を実現,本製品は、圧電素子を用いたピエゾジャカード機構により個々糸を1本1本独立して制御することが可能で、従来より柄の多様性とシームレスデザインの可能性が大いに広がりました。本製品によって生産される商品は縫製を省略可能で、アウター・インナーウェアや水着・スポーツウェア、パンティストッキング等がありNIKE、adidasやlululemonなど大手ブランドが経編シームレスで生産された製品を採用しています。,http://info.pref.fukui.jp/tisan/sangakukan/jitsuwafukui/fashion/041.html
ジャカード・スペーサーラッシェル機,世界シェア1位,スポーツ,日本マイヤー株式会社,http://info.pref.fukui.jp/tisan/sangakukan/jitsuwafukui/images/textile/nipponmayer03.jpg,スペーサーにピエゾで柄表現,本製品は、ピエゾジャカード機構を有するスペーサーラッシェル編機で今までの単純なネット目のスペーサーに多彩な柄効果を作ることのできる編機です。各ブランドのスポーツシューズが採用しており、スポーツシューズ以外にもオリンピック向けジャケットや大手携帯メーカーの製品にも同編機で生産された生地が採用されています。,http://info.pref.fukui.jp/tisan/sangakukan/jitsuwafukui/fashion/041.html
４Dニット・ラッシェル機,,スポーツ,日本マイヤー株式会社,http://info.pref.fukui.jp/tisan/sangakukan/jitsuwafukui/images/textile/nipponmayer04.jpg,スペーサーの立体的な柄表現,本製品は、ピエゾジャカードによるスペーサーファブリックの柄表現をさらに進化させ立体的な表現を可能にしたダブルジャカードラッシェル機で、スポーツシューズだけでなく、ホームテキスタイルやアパレルでの使用が大きく期待される製品で、環境問題が取り上げられる近年、マイクロプラスチックを発生しないアウターウェアの新しい生産方法として4Dニット生地が大手ブランドの注目を浴びています。,http://info.pref.fukui.jp/tisan/sangakukan/jitsuwafukui/fashion/041.html
総合スポーツクラブシステム,国内シェア1位,スポーツ,株式会社ネスティ,http://info.pref.fukui.jp/tisan/sangakukan/jitsuwafukui/images/ict/nesty02.jpg,顧客ニーズにきめ細かく応える高度なシステム設計。クラウド型システムに対応,「PeGasus F1シリーズ」は、スポーツクラブでのフロント業務や会費の支払い状況の管理のほか、ユーザ1人1人のトレーニングや体力状況の管理など、25のサブシステムから構成されています。顧客ごとの要望にきめ細かく応えるためのオブジェクト指向型システム設計や、操作しやすい画面設計など、当社がこれまでに蓄積したノウハウを基に、顧客ニーズを取り入れたカスタマイズ型標準システムです。開発からこれまでの30年間、時代に合わせて6回のバージョンアップを実行しています。,http://info.pref.fukui.jp/tisan/sangakukan/jitsuwafukui/sports/158.html
ダブルラッセルのセンターカット素材,,ファッション,八田経編株式会社,http://info.pref.fukui.jp/tisan/sangakukan/jitsuwafukui/images/textile/hattatateami02.jpg,厚さわずか2ミリのダブルラッセル生地を精度よく2枚にカット,高品質の生地を生み出す経編機「ダブルラッセル機」で編んだ生地を2枚にカットし、ベロア調の低パイル（短い毛足）の生地を開発、製造。本来相容れにくかった「やわらかさ」と「シルエットの奇麗さ」を両立した製品で、軽くしなやかで適度な伸びがあり、しわにならないという高い付加価値を持っており、国内外のアパレルメーカーから高い評価を得ています。現在は、毛足の長いフリース保温素材や自動車の内装材、ブラシなどにも毛の抜けにい環境配慮型有毛素材としても注目され採用が広がっております。,http://info.pref.fukui.jp/tisan/sangakukan/jitsuwafukui/fashion/042.html
ロー付け工程のないチタンメガネフレーム,国内シェア1位,ファッション,浜本テクニカル株式会社,http://info.pref.fukui.jp/tisan/sangakukan/jitsuwafukui/images/eyewear/hamamototech02.jpg,ミクロン精度の金型開発、高圧力プレス、３次元精密加工技術を駆使し実現,"この商品には、当社が長年培ったミクロンの精度を追求した金型開発、プレス技術、さらにはメガネとして必要な機能および形状を生み出す加工技術が活かされています。特に、レンズを保持するフロント部分は、最大６mmのチタン板材から一体鍛造成形するもので、そのためにメガネ業界では唯一となる6,300kNのパワープレスを導入し、実現可能とすることができました。",http://info.pref.fukui.jp/tisan/sangakukan/jitsuwafukui/fashion/132.html
多軸ロボットを活用した自動組付装置,,自動車,春江電子株式会社,http://info.pref.fukui.jp/tisan/sangakukan/jitsuwafukui/images/machine/haruedenshi02.jpg,多軸（6軸）ロボットによる自動化装置の一貫性生産体制,従来、「手組み」による組み付けしか出来なかったサブ・アッセンブリ・ユニットを多軸（6軸）ロボット/サーボによるティーチング（教示）技術を活用して、難易度の高い組み付け工程の自動化に挑戦し日本で初めて成功しました。人の作業感覚に依存した高度な組み付け動作をロボットに忠実再現させた他に類のない自動化装置を設計・開発から製造までの一貫生産で実現しています。,http://info.pref.fukui.jp/tisan/sangakukan/jitsuwafukui/machine/115.html
ラッピングプレート（鋳物研磨定盤）その他特殊鋳鉄、複合素材,世界シェア1位,住宅・家電,日立造船株式会社 機械・インフラ事業本部システム機械ビジネスユニット 若狭事務所,http://info.pref.fukui.jp/tisan/sangakukan/jitsuwafukui/images/machine/hitachizousen02.jpg,半導体、フラットパネル生産を担うハイテク新素材,ラッピングプレートとは、半導体の基板となるシリコンウェハーの研磨機に使用される台（定盤）のことで、当社は鋳造から機械加工まで一貫生産を行い、世界シェアナンバーワン（70％）の実績を誇っています。このほか、テレビなどのディスプレイ分野では液晶などのフラットパネルへの転換が加速する中、液晶ガラスパネルなどを研磨するラッピングプレートも生産。また、精密化の進む工作機械などの部品向けに特殊鋳物、複合材を開発・提供しています。,http://info.pref.fukui.jp/tisan/sangakukan/jitsuwafukui/housing/116.html
SPG-Remote Medical for SYNOV-R,,医療,株式会社ビットブレイン,http://info.pref.fukui.jp/tisan/sangakukan/jitsuwafukui/images/ict/bitbrain02.jpg,ネットワーク分離技術を実装する高セキュリティクラウドを利用したリモートデスクトップ,【関西ものづくり新選2021　特別賞受賞】国も認める高セキュリティで安心なリモートデスクトップです。『企業向け』社内のネットワーク機器の設定変更など不要とし、IT初心者でも簡単に導入が可能です。大変多くの金融機関に選ばれているテレワークツールです。『医療向け』インターネットから隔離されたネットワークにある電子カルテ情報を、院外から閲覧・書込み操作が可能となります。導入は専用ルータを設置するだけの手軽さで、ネットワーク機器の設定変更など不要とし、大規模病院からクリニックまで大変多くの医療機関に導入されている遠隔電子カルテツールです。,http://info.pref.fukui.jp/tisan/sangakukan/jitsuwafukui/medical/162.html
警察・消防署の紋章,国内シェア1位,社会インフラ・ソリューション,株式会社廣部硬器,http://info.pref.fukui.jp/tisan/sangakukan/jitsuwafukui/images/ceramic/hirobekoki02.jpg,高温焼成されたセラミックス製。純金焼付加工に特殊技術,当社は、セラミックス製の建造物用紋章を特殊製作しています。ダイヤスタイトの商標で全国の警察本部、消防本部管轄の建造物に採用され、警察紋章は、国内シェアナンバーワンを誇ります。また、ダイヤスタイトには、校章、館名文字、シンボルマーク、寺紋・家紋、陶壁・レリーフなど幅広い製品があります。,http://info.pref.fukui.jp/tisan/sangakukan/jitsuwafukui/city/081.html
セラミックス蓄光材「セラチッコウ」,国内シェア1位,社会インフラ・ソリューション,株式会社廣部硬器,http://info.pref.fukui.jp/tisan/sangakukan/jitsuwafukui/images/ceramic/hirobekoki03.jpg,耐久性を生み出す焼成加工技術。超高輝度、長残光に高評価,当社が製造するセラチッコウ（セラミックス蓄光材）は、突然の暗闇に瞬時発光して、地震・火災などの非常災害時における避難路を確保し、人々を安全な場所に誘導する手助けとなります。当社は国内で先駆けてセラミックス蓄光材を手掛け、視覚障害者用点字鋲にはめ込んだ蓄光材では、国内シェアナンバーワンを誇ります。,http://info.pref.fukui.jp/tisan/sangakukan/jitsuwafukui/city/081.html
透かしマーク入り和紙,,住宅・家電,福井特殊紙株式会社,http://info.pref.fukui.jp/tisan/sangakukan/jitsuwafukui/images/other/fukui-tokusyushi02.jpg,紙の製造工程で透かしマークを入れる技術。偽造防止に効果,一見しただけでは何の特長もない紙ですが、裏面から光をあてることにより白く模様や文字が現れる…これが透かしマークと言われるもので、商品券、優待きっぷなどの金券類や卒業証書、免状、名刺、神社の御札の用紙などに使用されています。当社は、このような透かしマーク入りの和紙を生産しています。,http://info.pref.fukui.jp/tisan/sangakukan/jitsuwafukui/housing/176.html
ワイパー用　中空リベット,,自動車,福井鋲螺株式会社,http://info.pref.fukui.jp/tisan/sangakukan/jitsuwafukui/images/machine/fukuibyora02.jpg,「冷間鍛造技術」と「かしめ技術」により、トータル締結システムを提供,"自動車制御の電子化が広がり、微小で精密な部品の需要が高まる中、特殊形状・高精度が求められる取引先のオーダーに、当社は「冷間鍛造加工」というコア技術で応えています。シートベルト、スピードメーター、シフトレバー、ドラムブレーキなどの自動車部品には当社の鍛造パーツが使用され、その数は約2,000種類。中でも、ワイパーの金具同士の締結に使用される中空リベットは、リベット製造における「冷間鍛造技術」とリベットセッター（締結用機械）を使用した「かしめ技術」により、トータル締結システムで提供しています。当社の技術により、材質が特殊なリベットを高品質・低コストで提供するだけでなく、ワイパーの滑らかな動作に重要な支点の役目を果たすリベットの、締結不具合のない安全性も確立し、ユーザーに好評を得ています。",http://info.pref.fukui.jp/tisan/sangakukan/jitsuwafukui/car/118.html
蛍光灯ピン,世界シェア1位,住宅・家電,福井鋲螺株式会社,http://info.pref.fukui.jp/tisan/sangakukan/jitsuwafukui/images/machine/fukuibyora03.jpg,世界シェアNo.1身近な蛍光灯にも当社の先端技術が活かされています,日常目にしている蛍光灯の両端に2本ずつ、計4本のピンがあります。当社が製造するピンは、2003年以降、世界の大手電機メーカーにも採用され、世界シェアナンバーワンを誇っています。また、直径2mm以下の鍛造パーツの分野では、国内において多くのシェアを占め、プラズマディスプレイやパソコンの電子部品、携帯電話の微小部品など多くの製品に使用されています。当社の技術は、切り屑を出さない加工方法と、鉛を含まない材料の使用で環境に配慮している点でも評価を受けています。,http://info.pref.fukui.jp/tisan/sangakukan/jitsuwafukui/car/118.html
積層セラミックコンデンサ,世界シェア1位,スマートフォン,株式会社福井村田製作所,http://info.pref.fukui.jp/tisan/sangakukan/jitsuwafukui/images/electro/fukui-murata02.jpg,シングルμmオーダーの薄層化技術を量産レベル で確立、実用化,"コンデンサとは一時的に電気を蓄える機能をもった電子部品。スマートフォンでは1台あたり約1000個、パソコンで約800個、自動車には約5,000〜8,000個程度搭載されています。小型化と高性能化が求められる現在、電極を形成したセラミックシートを何枚も積み重ねた「積層セラミックコンデンサ」が数多く使われており、この生産においてムラタグループ全体で世界シェア約40％（第1位）を占めており、このうち半分を当社で生産しています。現在、当社はムラタグループのフラッグシップ事業所として、世界最小の積層セラミックコンデンサ（0.25mm×0.125mm）の量産を進めており、更なるモバイル機器の小型化と高性能化に貢献できる部品を世界に先駆けて提案していきます。",http://info.pref.fukui.jp/tisan/sangakukan/jitsuwafukui/smartphone/148.html
ヌレンザ（超撥水性繊維を使用した濡れない傘）,,ファッション,株式会社福井洋傘,http://info.pref.fukui.jp/tisan/sangakukan/jitsuwafukui/images/other/fukui-yougasa02.jpg,新素材を駆使した傘づくりが特徴,北陸技術交流テクノフェアのクレーム博覧会に寄せられた「雨の日、電車などでは傘の滴が他人に迷惑」との声を解決するために、開発した製品です。こんな傘があったらといった要望や不具合を解決することで、商品開発に活かしてきたことが当社の原動力です。（平成19年に「元気なモノ作り中小企業300社」（経済産業省）に選定）,http://info.pref.fukui.jp/tisan/sangakukan/jitsuwafukui/fashion/177.html
スパーブ291（平板瓦）（一体葺き回し工法、茅葺風屋根瓦工法）,世界シェア1位,住宅・家電,福井窯業株式会社,http://info.pref.fukui.jp/tisan/sangakukan/jitsuwafukui/images/ceramic/fukuiyogyo02.jpg,曲線を境目なく平板の陶板瓦でつなぎ、優雅な湾曲を可能にした施工法,この施工には特注品の陶板瓦スパーブ291「神宮瓦」を採用。10種類ほどの形を用意し、境目なくつなぐ一体葺き廻しにより、優雅な湾曲に仕上げることができました。屋根瓦の歴史的意匠の自由度が増すネオ・トラディショナルな現代的日本建築が可能になった施工方法であると自負しています。また、工法（曲がり屋根に瓦を敷設する工法）は特許を取得しております。福井の宝である笏谷石は現在では採掘されていません。当社では笏谷石の歴史と文化を後世に残していくため、スパーブ291シリーズで笏谷石風陶板瓦を製作しました。笏谷石の風化した色合いも5色の混ぜ葺きで表現しました。,http://info.pref.fukui.jp/tisan/sangakukan/jitsuwafukui/housing/082.html
緩み止め機能付きナット（高品質精密切削加工技術）,,ファッション,株式会社フクオカラシ,http://info.pref.fukui.jp/tisan/sangakukan/jitsuwafukui/images/eyewear/fukuokarashi02.jpg,精密切削加工技術が生み出す緩み止め機能付きナット,通常のナットを使用した場合、振動や衝撃などにより時間がたつにつれネジが徐々に緩んでしまい、ガタつきの原因となっていました。その問題をクリアさせたのが、緩み止め機能を付加させた世界最小の緩み止め機能付きナット「クロスグリップナット」です。ネジを挿入すると、4つのファクター（ツメ部）が外側に押し広げられ、その反発力が中心部に集中。ネジが強力に締め付けられ、振動や衝撃によるネジの緩みを防止し、その効果は持続します。本製品は、メガネフレームのレンズ締結部のほか、自動車など、ネジの緩みに悩まされる様々な業界で採用されています。,http://info.pref.fukui.jp/tisan/sangakukan/jitsuwafukui/fashion/133.html
超高温環境や急速冷却状態を生み出す「多相交流アークプラズマ装置」,,スマートフォン,福伸工業株式会社,http://info.pref.fukui.jp/tisan/sangakukan/jitsuwafukui/images/machine/fukushin02.jpg,ACプラズマによる低コスト・高性能ナノマテリアルを大量合成,"多相交流アークプラズマ装置は、容器を水冷構造で製作しており、その中で超高温環境（3,000℃～10,000℃）を生み出し、通常の加熱方法ではできない熱処理が可能です。超高温による材料の蒸発や、急速な冷却過程を経ることで、様々なナノ粒子を製造することができ、特に当社の装置は超高温領域を広く設けることができるため、ナノ粒子の大量生成に向いていると評価されています。自動車、スマートフォン、医療分野など身近な製品で広く応用できます。",http://info.pref.fukui.jp/tisan/sangakukan/jitsuwafukui/smartphone/119.html
多段式パレット水平移送３Dコンベア,,機械・ロボット,福伸工業株式会社,http://info.pref.fukui.jp/tisan/sangakukan/jitsuwafukui/images/machine/fukushin03.jpg,食品を加熱・冷却しながら移送できる食品用コンベア,食品を加熱・冷却しながら移送できるコンベアシステム。冷凍食品やカップ食品などの加熱・冷却・乾燥・発酵・保管することができます。従来型のシステムは平面的ですが、これを多階層（9段～13段）にすることで、装置自体の小型化が可能になり、設置スペースや電力のコストダウンにつながっています。また、加熱装置と冷却装置を組み合わせることで、1台で2つの処理ができるなど、あらゆるニーズに合わせて設計・製作しています。,http://info.pref.fukui.jp/tisan/sangakukan/jitsuwafukui/smartphone/119.html
アルパレージ,国内シェア1位,住宅・家電,フクビ化学工業株式会社,http://info.pref.fukui.jp/tisan/sangakukan/jitsuwafukui/images/plastic/fukuvi02.jpg,異形押出成形技術とインクジェット印刷技術などの諸技術を組み合わせた製品,アルパレージは、浴室や洗面脱衣室などサニタリー全般の壁、天井に使用可能な抗菌仕様のパネルです。冬場でも暖かい空間を維持できる高い断熱性や、浴室でも使用可能な耐水性を有しています。さらには、表面UVコートで汚れが付きにくく、付いた汚れも簡単に拭き取れる仕様となっています。乾式（工場で製造した壁材などを現場で取り付ける工法）の断熱パネルでは国内シェアナンバーワンとなっています。,http://info.pref.fukui.jp/tisan/sangakukan/jitsuwafukui/housing/078.html
メディカル白衣（看護衣）,国内シェア1位,医療,冨士経編株式会社,http://info.pref.fukui.jp/tisan/sangakukan/jitsuwafukui/images/textile/fujitateami02.jpg,原糸から交編まで、独自加工技術が活きています,精密電子機器が多数あり、人の生命に関わる医療現場で着用される白衣（看護衣）の素材には、作業性や着心地がよいことはもちろん、静電気による誤作動やほこりを防ぐ機能が求められています。当社の製品は、吸汗性や通気性に優れる綿と電気を瞬時に逃す導電糸が混合され、経編トリコットにより柔らかい肌合いと伸縮性を実現。メディカル白衣（看護衣）の経編トリコットでの国内シェアナンバーワンを誇り、市場にて評価いただいています。,http://info.pref.fukui.jp/tisan/sangakukan/jitsuwafukui/medical/043.html
紙管を利用した締太鼓（商品名：新打楽器ヤマコ）,,カルチャー,プランニングヤマコウ,http://info.pref.fukui.jp/tisan/sangakukan/jitsuwafukui/images/other/planning-yamakou02.jpg,胴部分に紙管、皮部分にテントシートを使用し、独自の工夫で製品化,近年、保育園や小中学校の授業や老人介護施設のリハビリなどに和太鼓を取り入れるところが増えています。従来の締太鼓は、皮部分に牛や馬などの皮を使用し、胴部分には自然木を使用しているため、非常に高価であり、十分な数量を確保するのは困難です。当社は、子供たちに楽しく伸び伸びと太鼓を叩いてもらえるよう、安価で色や音質にも幅広く対応できる製品を開発しました（商品名：新打楽器ヤマコ）。環境にも配慮した材料を用い、メンテナンスも簡易な構造のため、地域での郷土芸能文化の活性化にも貢献できる製品となっています。,http://info.pref.fukui.jp/tisan/sangakukan/jitsuwafukui/culture/178.html
モニュメント型風力発電機,国内シェア1位,社会インフラ・ソリューション,株式会社プロード,http://info.pref.fukui.jp/tisan/sangakukan/jitsuwafukui/images/electro/proad02.jpg,ベアリングに磁気を利用した独自技術により毎秒2mの風力で発電可能に,プロードは、1994年に組合として鉄工、金属加工、電気 工事、設備、デザイナーなど異業種の中小企業経営者10人で設立。周辺環境に配慮した都市型風力発電機の共同研究に取組み、1998年に微風でも回転する静かなモニュメント型風力発電機「エオリカ」を開発しました。国内で唯一、モニュメント型風力発電機を製造しており、（独）国際協力機構（JICA）のプロジェクトでタンザニア に設置されるなど、これまでに国内外で約60基を納入しています。（平成16年度第3回産学官連携推進会議（内閣府主 催）の科学技術政策担当大臣賞を本県で初めて受賞）2020年には、協同組合プロードを株式会社プロードに組織変更いたしました。,http://info.pref.fukui.jp/tisan/sangakukan/jitsuwafukui/city/149.html
HC式防火水槽・耐震性貯水槽,国内シェア1位,社会インフラ・ソリューション,ベルテクス株式会社　福井本部,http://info.pref.fukui.jp/tisan/sangakukan/jitsuwafukui/images/ceramic/vertex02.jpg,防火水槽をコンクリート2次製品化し、工期短縮と省力化を実現。国内シェアNo.1,"当社が1981年に開発した「HC式防火水槽」は、日本初のコンクリート2次製品による組立式防火水槽で、（ー財）日本消防設備安全センターの2次製品防火水槽の認定第1号を取得。従来は、現場施工で各工程を人力で行っていたものを、コンクリート2次製品化することで大幅な工期短縮と省力化を実現しました。全国16社のコンクリート2次製品メーカーへの技術供与で全国供給の体制が整備され、全国で設置される2次製品防火水槽の50％以上のシェアを有し、これまでの実績は36,000基を超えています。",http://info.pref.fukui.jp/tisan/sangakukan/jitsuwafukui/city/85.html
無散水融雪システム,国内シェア1位,社会インフラ・ソリューション,ベルテクス株式会社　福井本部,http://info.pref.fukui.jp/tisan/sangakukan/jitsuwafukui/images/ceramic/vertex03.jpg,2倍以上の熱伝導率により高効率で省エネなシステム,「無散水融雪システム」は、管を埋め込んだコンクリート製パネルを車道や歩道に設置し、管に温かい水を通すことで凍結を防止したり、雪を融かすシステムです。水をまかないことで、水跳ねがなく快適な歩行が可能で、まいた水の凍結の心配もない、雪国の冬季バリアフリーを実現するシステムです。パネルはコンクリートに福井県産の特殊な骨材を使用しているため、普通のコンクリートに比べて2倍以上の熱伝導率があり、高い融雪能力を有している点が特長です。工場製作のため高強度・高品質で、従来の半分以下の工期での施工が可能です。融雪で使用した水は、散水として利用するなど、より環境に配慮したシステムも開発しています。,http://info.pref.fukui.jp/tisan/sangakukan/jitsuwafukui/city/85.html
コンクリート造エレベーターシャフト,,社会インフラ・ソリューション,ベルテクス株式会社　福井本部,http://info.pref.fukui.jp/tisan/sangakukan/jitsuwafukui/images/ceramic/vertex04.jpg,居住しながらの施工、および工期短縮と省力化を実現,「プレキャスト・プレストレストコンクリート造エレベーターシャフト」は、鉄筋コンクリート製ブロックの組立によるエレベーター専用建物で、（一財）ベターリビングで構造評定を受けた工法です。居住しながらの施工、および工期短縮と省力化を実現。既存建物の外側に既存建物と構造的に分離・独立するように設計・施工するため、暴風・地震による既存建物の被災危険度を増加させない技術であると共に、居住者・利用者が既存建物内に居る状態で工事を進められます。共同住宅・学校・公民館・図書館・ホテル等、多様な建物、並びに歩道橋などの既存建物にエレベーターを後付する場合に欠かせない技術であり、バリアフリー社会の構築に貢献できる技術です。,http://info.pref.fukui.jp/tisan/sangakukan/jitsuwafukui/city/85.html
非接触電力伝送装置,,機械・ロボット,北伸電機株式会社,http://info.pref.fukui.jp/tisan/sangakukan/jitsuwafukui/images/electro/hokushindenki02.jpg,伝送ギャップ10ｍｍで60Ｗ（400Wも）、効率80％を実現,今後ますます発展が期待されるロボットですが、ロボットへの端子による接触充電には充電端子の汚れによる充電不良、防水構造のロボットの場合には、電池を取り外し充電する時に発生する気密性の劣化から内部への水の浸入などの問題があります。 当社が開発した「非接触電力伝送装置」は、これらのトラブルを解決する高効率で大電力の非接触電力伝送を実現。既に、ロボットや無人搬 送車向けに問い合わせのあった数社へ試作品を納入済みで、今後の量産化が見込めるまでになりました。,http://info.pref.fukui.jp/tisan/sangakukan/jitsuwafukui/machine/150.html
新開発絶縁材ヒーター,,航空・宇宙,北陸ヒーティング株式会社,http://info.pref.fukui.jp/tisan/sangakukan/jitsuwafukui/images/electro/hokurikuheating02.jpg,液晶テレビ画面への納入実績多数。医療機器、人工衛星にも活用されるオンリーワン技術,"コイル状の発熱線を、金属製の筒（シーズ）で覆った工業用ヒーターは、家庭用ホットプレートから自動車のプレス機、人工衛星の霜取り装置など幅広く使用されていますが、当社はヒーターの材料（絶縁材）に着目し、世界初となる絶縁材の開発に成功しました。900度まで達し、4,000時間以上の連続通電を行っても発熱線が切れない特性を持つ『ボロンヒーター』の量産化にも着手し、LED信号機に活用される着雪センサー付消雪装置や、路面消雪装置の製造など、より一層、ヒーター業界で躍進出来るよう挑戦を続けています。",http://info.pref.fukui.jp/tisan/sangakukan/jitsuwafukui/aerospace/151.html
微細バリ取り剤（商品名：ホロクリン）,世界シェア1位,スマートフォン,株式会社北陸濾化,http://info.pref.fukui.jp/tisan/sangakukan/jitsuwafukui/images/chemical/hokurikuroka02.jpg,無電解エッチングで選択的に“バリ” を除去,現在、世の中で使われる様々な機械や装置、端末には金属部品が使われており、それらの部品は用途に合わせて多様な種類の金属があり、年々小型化・複雑形状化が進んでいます。当社は、これらの微少な金属部品の製造時や加工時にできる“バリ” の除去を目的に、表面処理剤「ホロクリン」を開発しました。従来行われていた物理研磨処理などでは難しかった小型・複雑形状の部品に対応できる技術であるため、電子部品やメガネ、医療用器具など、バリが絶対にあってはならない製品分野に活用されています。,http://info.pref.fukui.jp/tisan/sangakukan/jitsuwafukui/car/070.html
NeoContrast®（イエローライトカットレンズ）,,ファッション,株式会社ホプニック研究所,http://info.pref.fukui.jp/tisan/sangakukan/jitsuwafukui/images/eyewear/hopnic02.jpg,視界環境の改善に効果,加齢とともに水晶体は黄色く濁り、黄色光が水晶体で散乱して眩しく感じるようになってきます。NeoContrast®は黄色光を事前にカットし散乱を防ぎ、防眩効果が期待できます。また、黄色光をカットすることで赤色、青色、緑色などが際立ち、くっきり見える効果もあります。NeoContrast®(イエローライトカット）技術の国内シェアは約90％です。高齢化社会が進む現代社会で視覚、色覚改善要望に応えることができるレンズです。,http://info.pref.fukui.jp/tisan/sangakukan/jitsuwafukui/fashion/134.html
盛土・地盤補強用繊維構造体ジオテキスタイル「アデム®」,,社会インフラ・ソリューション,前田工繊株式会社,http://info.pref.fukui.jp/tisan/sangakukan/jitsuwafukui/images/textile/maedakousen02.jpg,盛土の崩れを抑止する繊維構造体全国で1万件以上の使用実績,平野部が少なく雨の多い日本では、盛土・地盤補強による土地の有効利用と災害の未然防止が、土木分野の大きなテーマになっており、それらを解決するために高分子材料からなる高強力の格子状ネット（一般名称：ジオテキスタイル）が使用されています。従来製品は、伸びが大きいために盛土の変形抑止効果が小さく、また、石混じりの土に使用するとその衝撃でネットが破損するという欠点がありましたが、当社のジオテキスタイルは、ポリエチレン製の格子状ネットに、高強力・低伸度のアラミド繊維を挿入することで、これらの欠点を克服。伸びが小さいために変形抑止効果が大きく、耐衝撃性が高いため使用する土質に関係なく盛土を健全に保持することができます。この構造が盛土や地盤の補強に適していることを実験的に見出し、（一財）土木研究センターの建設技術審査証明を取得するなど、安心して使用できる材料として高い評価を受け、全国の道路に１万件以上の使用実績があります。,http://info.pref.fukui.jp/tisan/sangakukan/jitsuwafukui/city/044.html
高強力繊維性落石防護柵「ネイチャーネット®」,,社会インフラ・ソリューション,前田工繊株式会社,http://info.pref.fukui.jp/tisan/sangakukan/jitsuwafukui/images/textile/maedakousen05.jpg,高耐久性繊維を利用した落石・土砂の防護柵。仮設から恒久対策までマルチに対応,災害から生命や財産を守る斜面防災工事は、作業員の高齢化や維持管理費用の増大化などから、施工性が良く低コストの対策が求められています。当社は、従来の繊維ネットにはない極太ラッシェル網地と、高強度でありながら高い伸度をもつロープを組み合わせた「ネイチャーネット」を主材料とし、その他構成部材にも特殊繊維を使用したフェンス構造体を開発しました。フェンス自体に柔軟性をもたせることで、繊維でありながら150kJまでの高エネルギーの落石にも対応できる、従来の鋼製落石防護柵にない新しいタイプの防護柵です。軽量で作業員の負担軽減につながるほか、設置時・メンテナンス時の低コスト化を実現しています。,http://info.pref.fukui.jp/tisan/sangakukan/jitsuwafukui/city/044.html
耐候性大型土のう「ツートンバック®」,国内シェア1位,社会インフラ・ソリューション,前田工繊株式会社,http://info.pref.fukui.jp/tisan/sangakukan/jitsuwafukui/images/textile/maedakousen06.jpg,福井豪雨の経験から生まれた耐候性大型土のう,従来の土木工事用仮設土のうには、フレキシブルコンテナバッグが使用されてきましたが、穀物など粉粒状貨物の輸送用に作られたため、長時間の屋外設置や土砂の充填に耐えうるものではなく、2004年に発生した福井豪雨の復旧工事でも2か月程度で劣化が進み、吊り下げ撤去ができないという問題が発生しました。この経験から、数年間の耐久性を有する「ツートンバッグ」を開発しました。原糸に練り込まれた紫外線吸収剤が化学繊維の劣化を抑制するため、災害復旧工事や備蓄など様々な用途で長時間設置後でも移動や転用が可能な耐候性に優れた土のうとして活躍しています。（「耐候性大型土のう積層工法」設計・施工マニュアル〈（一財）土木研究センター〉性能評価証明取得。（NETIS 登録番号KT-060144-V）※掲載期間終了）,http://info.pref.fukui.jp/tisan/sangakukan/jitsuwafukui/city/044.html
袋型根固め工法用袋材「ボトルユニット®」,,社会インフラ・ソリューション,前田工繊株式会社,http://info.pref.fukui.jp/tisan/sangakukan/jitsuwafukui/images/textile/maedakousen08.jpg,"耐久性・耐候性・耐薬品性に優れ、
                      河川護岸の防災や災害時の応急復旧に適用可能",当製品は、ポリエステル繊維（紫外線吸収剤含有）を使用したラッシェルネット2重構造の袋材で、中詰石材を1～4トンまで充填し、クレーンで吊り上げても設置できる強度を有しています。河川護岸の崩壊を防ぐための根固め工や、のり覆い工として使用されており、従来使用されているコンクリートブロックやフトンカゴ工と比べて軽量で、施工性に優れています。柔軟で地盤追従性に優れていることから、応急災害復旧時の積み重ねも容易で、陸上から水中への設置も容易かつ迅速に行えます。耐薬品性にも優れているため、pHの低い酸性河川での使用も可能です。（（一財）土木研究センター建設技術審査証明書（建技審証第0109号）取得。（NETIS登録番号KT-000028-VE）※掲載期間終了）,http://info.pref.fukui.jp/tisan/sangakukan/jitsuwafukui/city/044.html
形状記憶合金の直接接合技術,,ファッション,増永眼鏡株式会社,http://info.pref.fukui.jp/tisan/sangakukan/jitsuwafukui/images/eyewear/masunaga02.jpg,形状記憶合金と異種金属との直接接合を世界で初めて実現,当社が開発した「KOKI Sports Flex」は、①従来のメガネ用バネ材の8～10倍の弾力を持ち、②柔軟性に富んで曲げても元の形に戻る復元力があり、③フレームの変形が少ないという特性により、壊れにくさと掛け心地の良さを兼ね揃えた形状記憶合金フレームで、当社の主力商品となっています。このメガネ枠の開発には、当社が世界で初めて成功したニッケルチタン合金と異種金属との「直接接合技術」が活きています。このニッケルチタン合金の「直接接合技術」や「部分熱加工技術」は、医療用具である歯科矯正用ワイヤー製造など、異業種の分野にも展開しています。（平成21年に「元気なモノ作り中小企業300社」（経済産業省）に選定）,http://info.pref.fukui.jp/tisan/sangakukan/jitsuwafukui/fashion/135.html
5軸制御立形マシニングセンタ（MAM 72シリーズ）,,自動車,株式会社松浦機械製作所,http://info.pref.fukui.jp/tisan/sangakukan/jitsuwafukui/images/machine/matsuura02.jpg,F1マシンの部品加工に採用。国際水準を超えた高い信頼を獲得。,機械加工分野の多品種少量（変量）生産、高速高精度複雑加工のニーズが高まる中、これまでの3軸同時加工からのさらなる加工効率改善を求め、多軸加工への移行が進んでいます。当社が開発した「5軸制御立形マシニングセンタMAM72シリーズ」は、5軸加工機のため1回の段取りであらゆる方向から加工でき、高精度な部品加工を可能にしました。イギリスでF1マシンの部品加工に採用されるなど、国際水準を超えた高い信頼を得ています。2020年　経済産業省が選定する、「2020年版グローバルニッチトップ企業100選」に「5軸制御立形マシニングセンタ」で選定される,http://info.pref.fukui.jp/tisan/sangakukan/jitsuwafukui/machine/120.html
ハイブリッド金属３Ｄプリンタ（金属光造形複合加工機）,,機械・ロボット,株式会社松浦機械製作所,http://info.pref.fukui.jp/tisan/sangakukan/jitsuwafukui/images/machine/matsuura03.jpg,世界初の「金属光造形複合加工技術」による金型などの製造装置,金属光造形複合加工技術は全く新しい概念の加工法です。金型などを機械製作する工程において、金属粉末をレーザーで一層ずつ焼結して積み上げる作業と、それを切削して仕上げる作業とを同一装置内で行う世界で初めての複合加工法です。従来の切削加工などでは不可能であった複雑な立体形状の製作が、この金属光造形複合加工機のみで可能となり、金型などの製作が期間1/2、コスト1/2でできるようになりました。（平成19年の機械工業デザイン賞の日本商工会議所会頭賞を受賞）（この技術は、パナソニック㈱が開発した基本技術を基に、パナソニック㈱、㈱松浦機械製作所、大阪大学、㈶ふくい産業支援センターで共同開発したものです。）,http://info.pref.fukui.jp/tisan/sangakukan/jitsuwafukui/machine/120.html
「超高密度織」技術を活かしたQRコード織ネーム・バーコード織ネーム,,ファッション,株式会社松川レピヤン,http://info.pref.fukui.jp/tisan/sangakukan/jitsuwafukui/images/textile/matsukawarapyarn02.jpg,大手企業の制服管理に貢献。ヨーロッパ製品からの切替え多数,1枚1枚異なる柄の織ネーム製造技術により、今まで難しいと言われてきた連番での織ネーム作成に成功。この技術に、当社が特許を取得しているQRコードを表現出来る織技術「超高密度織」の技術を組み合わせ、連続番号でのバーコードネームや可変するQRコードネームを開発。それにより、多数の大手企業の制服管理（盗難・紛失・転売防止）に活用される様になりました。織ネームは洗濯しても色落ちせずに耐久性も高い事からプリントや印字からの切り替えも進んでおり、更には「超高密度織」の技術により海外製の既存のバーコードネームより小さく作成ができる上に、見た目が綺麗と評価。為替の影響がない日本生産を望むお客様も多い為、海外（主にヨーロッパ等）製品から当社への切り替えが進んでいます。,http://info.pref.fukui.jp/tisan/sangakukan/jitsuwafukui/fashion/046.html
リクライニングソファの スライドフィット機能,,住宅・家電,マルイチセーリング株式会社,http://info.pref.fukui.jp/tisan/sangakukan/jitsuwafukui/images/other/maruichi-selling02.jpg,国立大学法人 福井大学との共同研究により開発し、国内外で特許を取得。,福井大学との共同研究により開発した本製品は、リクライニング時、背中にフィットしたまま背もたれがスライドするため、腰部とソファに隙間を感じることなく、座りなおし不要で快適に座ることができます。今後はシニア市場や介護市場にも展開し、AIやIOTとの連携による快適なソファの提案を行ってまいります。,http://info.pref.fukui.jp/tisan/sangakukan/jitsuwafukui/housing/179.html
反射材,,ファッション,株式会社丸仁,http://info.pref.fukui.jp/tisan/sangakukan/jitsuwafukui/images/textile/marujin02.jpg,虹色という特殊な色彩と、高輝度な反射性能,反射材とは、夜間の暗闇で見えにくいものを見えやすくする素材やアイテムの事で、その特性から交通事故を予防するマストアイテムと言われています。交通安全の為に反射材を多くの人に身に着けてほしい…反射材に関わる全ての人がそう考えましたが、反射材には、その用途の歴史のイメージから危険な現場で作業する作業着のイメージがついてしまい、普段着（ファッション）に使われることはほとんどありませんでした。ファッションはまず、カッコよく（可愛く）ないといけない。この大前提のルールに適応するため見える光の色は画一的な真っ白でなく、美しいオーロラのような光になるように調整して、この新素材“オーロラリフレクター” は完成しました。オーロラリフレクターは、アパレルブランド“ANREALAGE” のデザイナー森永邦彦氏によってパリコレクション作品に使用されるなど、最新のファッション素材として反射材の新たな可能性を広げています。,http://info.pref.fukui.jp/tisan/sangakukan/jitsuwafukui/fashion/047.html
繊維強化複合材料およびその応用製品（炭素繊維を用いたスーツケースなど）,,自動車,丸八株式会社,http://info.pref.fukui.jp/tisan/sangakukan/jitsuwafukui/images/textile/maruhachi02.jpg,開繊技術を活用して、乾電池自動車のボディを開発,当社は、「高強度」「高剛性」「超軽量」という繊維の持つ新たなキーワードと共に更なる発展を期して、繊維強化複合材料分野などへの積極的な展開を進めています。炭素繊維織物と樹脂加工技術を用いて製造した炭素繊維プリプレグ材料が、イギリスの老舗旅行鞄ブランド「グローブ・トロッター」の創業110周年記念商品の世界最軽量スーツケース（商品名:110（ワンテン））に採用されました。外観に深みを出すだけでなく、軽さと強度とを両立させる材料製造技術を駆使して製品化しました。また、高い耐圧力強度を実現した医療用高圧タンクも製造しています。,http://info.pref.fukui.jp/tisan/sangakukan/jitsuwafukui/car/048.html
e-CLEAR下水道受益者負担金システム,国内シェア1位,社会インフラ・ソリューション,三谷コンピュータ株式会社,http://info.pref.fukui.jp/tisan/sangakukan/jitsuwafukui/images/ict/mitani-com02.jpg,稼働自治体数250。国内シェアNo.1,当システムは、下水道整備時の工事代金を負担していただく住民の方の負担額計算や、収納業務に使われています。全国の地方自治体の条例や施行規則に対応できるようにパラメータ設定を多数行い、システムの柔軟性を持っている点や、基礎データの管理から、調定、収納、未納管理までを一つのシステムで統合管理できる点に好評をいただき、国内シェアナンバーワンを誇っています。全国100を超えるパートナー様と販売網を築き、各地で利用されているため、私たちの生活の身近なところで当社のソフトウェアが使われています。,http://info.pref.fukui.jp/tisan/sangakukan/jitsuwafukui/housing/161.html
大口径高強度コンクリートパイルと高支持力工法,国内シェア1位,社会インフラ・ソリューション,三谷セキサン株式会社,http://info.pref.fukui.jp/tisan/sangakukan/jitsuwafukui/images/other/mitani-sekisan02.jpg,夏の熱を地中保存し融雪・空調に利用,夏の太陽熱で舗装内に埋め込まれた管内の水は高温となり、その水が熱交換杭を循環する間に地中を温めます。逆に冷やされた水は舗装内に戻って再び温められます。こうして夏の終わりには熱交換杭群の温度は33℃にもなります。その後、熱は拡散しますが、初冬でも30℃を保持し無散水融雪に利用できます。 熱交換杭埋設工法は、当社と福井大学・福井県と環境省地球温暖化対策技術開発事業の共同研究で開発したもので、当社の国交省大臣認定工法であるニーデイング工法のノウハウを使用します。直接ポリエチレン管を地中に設置する他に、Hybridニーデイング工法等で設置したパイルの中空部内、またMSコラム(地盤改良杭)内に設置する等の種々のバリエーション があり、支持力とエネルギーを合わせ持ったパイルとして融雪と空調に利用することにより、当社工法に付加価値をつけることが期待できます。 施工事例としては、駅前広場や高速道路の料金所等に採用されています。,http://info.pref.fukui.jp/tisan/sangakukan/jitsuwafukui/city/180.html
滑り止めニットテキスタイル,,住宅・家電,ミツカワ株式会社,http://info.pref.fukui.jp/tisan/sangakukan/jitsuwafukui/images/textile/mitsukawa02.jpg,ニット生地に滑り止め材を編み込み、新機能を付加,現在、日本を含む先進各国において高齢化が進み、介護や老人医療の充実が図られ、安全対策のひとつとして、滑り止め素材が至る所に用いられています。また、地震や火災、事故などの緊急時の安全対策としても、滑り止め素材は重要な役割を担っています。従来の滑り止め素材は、汚れが落ちにくい、伸びない、通気性が悪いといった問題点がありました。当社が開発した滑り止め材（ハニーグリップ）は、従来の編み手法や編み組織を改良し、ニット生地に滑り止め材を編み込む製法を開発しました。それにより、ニット生地に別の機能（抗菌、防臭、撥水、吸水など）を付加することができ、滑り止め製品全体にも新しい機能を付加できるようになりました。通気性や洗濯性が良く、接触面へのダメージもないため、従来製品の高機能化や衣料製品などへの応用が検討されています。,http://info.pref.fukui.jp/tisan/sangakukan/jitsuwafukui/housing/049.html
航空機エンジン構造案内翼部材用炭素繊維複合材料,,航空・宇宙,株式会社ミツヤ,http://info.pref.fukui.jp/tisan/sangakukan/jitsuwafukui/images/textile/mitsuya02.jpg,"エアバス社の新型航空機に採用。
                      複合材を用いたエンジン部材の量産化は世界初",福井県が開発した空気流による開繊技術を活用し、㈱IHIと共同で、低コストかつ軽量、高性能な耐熱熱可塑性樹脂炭素繊維複合材料を開発。均一な厚みで反りがなく、欠陥の出にくい薄層プリプレグシートの高速量産を実現しました。鳥の衝突など耐衝撃性に強い一方で、部材の軽量化も両立。大手航空機エンジンメーカーに認められ、航空機エンジンの構造案内翼部材に採用されました。当社の部材が、世界のフライトを支えています。,http://info.pref.fukui.jp/tisan/sangakukan/jitsuwafukui/aerospace/050.html
インクジェットクロス「Tifone®（ティフォネ）」,,社会インフラソリューション,株式会社ミツヤ,http://info.pref.fukui.jp/tisan/sangakukan/jitsuwafukui/images/textile/mitsuya04.jpg,国内シェアトップクラス。インクジェットプリンタ用の屋内外広告用織物,国内すべてのプリンターで印刷可能で、印刷後、特別な加工を施すことなくそのまま屋内外で宣伝広告の旗や垂れ幕として使用できる樹脂加工織物。一定期間、屋内外で使用されるため、雨風などによる色落ちや耐久性の課題を、当社が保有する繊維加工技術により解決しました。水系樹脂コーティング技術を駆使し、品質と環境を両立したモノづくりに取り組んでいます。,http://info.pref.fukui.jp/tisan/sangakukan/jitsuwafukui/aerospace/050.html
苔・藻類が早期に自生するコンクリート製品「JBロック」,,社会インフラ・ソリューション,株式会社ミルコン,http://info.pref.fukui.jp/tisan/sangakukan/jitsuwafukui/images/ceramic/milcon02.jpg,植物活性材、人工ゼオライトを利用したコンクリートの緑化技術,従来、コンクリートは強アルカリ性で強固なため、表面に直接植生させるのは不可能でした。当社はこの常識を覆し、コンクリート製品の製造技術やノウハウを基に、植物活性材（J-Wish）、人工ゼオライトをセメントで練り固め、土のように無数の微細孔を有するポーラス構造とすることで、弱アルカリ性で吸水性、保水性、保肥性に優れ、苔や藻類が早期に自生できる多孔質なコンクリート（商品名：JBロック）を開発しました。当製品の表面には苔や藻類が繁藻できるため、蛍や蛙などの小動物が生息しやすく、自然環境との調和が図れます。また、ヒートアイランド現象を緩和する効果も期待できるため、河川護岸や法面などに適しています。原材料には火力発電所から排出される人工ゼオライト（石炭灰を化学処理した微粉末）を用いているため、リサイクルにも貢献しています。,http://info.pref.fukui.jp/tisan/sangakukan/jitsuwafukui/city/085.html
環境に配慮した注目の塗装技術！,,医療,山金工業株式会社,http://info.pref.fukui.jp/tisan/sangakukan/jitsuwafukui/images/other/yamakin-kougyo02.jpg,ＹＫＳ商品は「ゼロＶＯＣ不燃 粉体焼付塗装」を標準仕様。当社オリジナル技術の「ステンド粉体鋼板」で木目柄を実現。,ゼロＶＯＣ不燃粉体焼付塗装は、真に環境負荷を低減できる唯一の塗装です。当社のハートフルテクノロジーにより、建物内装材に求められる環境性能・不燃性能を考え、 すべての枠・扉で標準採用しました。使いやすさや安全性の実現だけでなく、美しさと心地よさをプラスした学校間仕切・建具をご提案します。また、自社開発したステンド粉体鋼板は、粉体塗装をベースに、転写紙を加熱プレスし 塗膜の中に染料の分子を昇華させているので、膜厚が厚く高強度という粉体塗装の物性はそのままに、木目柄や自由な模様を作ることができる鋼板です。,http://info.pref.fukui.jp/tisan/sangakukan/jitsuwafukui/medical/182.html
超薄手ベルベット,,ファッション,株式会社山﨑ビロード,http://info.pref.fukui.jp/tisan/sangakukan/jitsuwafukui/images/textile/yamazakiveivet02.jpg,ベルベット専門の生地メーカーとして多種多様な製品を提供,従来のベルベットの常識を覆す軽くて薄い究極のベルベット「ペーパーベルベット」を開発し、テレフォンカードの表面に貼り付けても使用することが可能なレベルの薄さにまで到達しました。また、その発展形として「ベビーベルベット」という薄く柔らかい生地を手掛け、冬用衣料のイメージが強いベルベットを春夏対応の生地として提供しています。細い糸を使用してベルベットを織ることは非常に困難であり、おそらく世界で一番薄いベルベットと自負しています。,http://info.pref.fukui.jp/tisan/sangakukan/jitsuwafukui/fashion/051.html
路面の凍結・積雪状態を監視するセンサー,,社会インフラ・ソリューション,山田技研株式会社,http://info.pref.fukui.jp/tisan/sangakukan/jitsuwafukui/images/electro/yamadagiken02.jpg,熱量計測という画期的方法で融雪、凍結防止を実現,当社開発による、路面の凍結状態を監視する冬期気象センサーと積雪状態を観測する路面センサーは、道路の除雪や凍結防止作業の合理化に欠かせない技術です。この両センサーにより、融雪装置の省エネ制御や、路面の積雪・凍結などの危険情報をリアルタイムで提供することが可能となっています。また、路面凍結防止剤（塩）の残留濃度を測定する車載式センサーを提供し、道路の凍結防止に貢献しています。これらの製品は、高速道路、一般道、JRにおいて道路などの維持管理に活用されています。（平成10年「京都ベンチャー大賞」、平成15年「雪 氷技術賞」、平成20年「第3回福井県科学技術大賞・特別賞」を受賞。平成21年に「元気なモノ作り中小企業300社」（経済産業省）に選定）,http://info.pref.fukui.jp/tisan/sangakukan/jitsuwafukui/city/152.html
医療機器用金属精密部品,,医療,ヨシダ工業株式会社,http://info.pref.fukui.jp/tisan/sangakukan/jitsuwafukui/images/eyewear/yoshidaindustry02.jpg,大手医療機器メーカーの内視鏡部品としても採用され、低侵襲医療をサポート,昨今の医療現場では、手術・検査時の痛みや出血など、患者の体へのダメージをできるだけ少なくする低侵襲医療が急速に普及しています。近年のがん診断では内視鏡検査が一般的で、その際に使用する医療機器が高度化、精密化を極めるなか、当社は、生体親和性に優れたチタン材料の加工技術や異種金属のレーザー接合技術を活かし、医療機器部品として製造、納品しています。医療機器産業で必須となる企業の品質マネジメントシステム（ＱＭＳ）をいちはやく取得し、低侵襲医療の実現を支えています。,http://info.pref.fukui.jp/tisan/sangakukan/jitsuwafukui/medical/136.html
フルート・オーボエ・ピッコロ・サックス向け木管楽器部品,,カルチャー,ヨシダ工業株式会社,http://info.pref.fukui.jp/tisan/sangakukan/jitsuwafukui/images/eyewear/yoshidaindustry03.jpg,鍛造部品としてのシェア100％。,木管楽器部品は繊細な形状によって音質と外観を保持するため、熟練者によるハンドメイド作業での加工が一般的でした。そこで当社は、眼鏡部品の加工で培った鍛造技術を提案し、これまでの熟練作業に比べて、大幅な生産性の向上を実現。さらに、鍛造加工によって金属そのものが硬くなったため、結果として、楽器の音質も良くなり、奏者から高い評価を得るようになりました。現在では、ヤマハ㈱、ミヤザワフルート製造㈱、㈱三響フルート製作所に多数納入しています。,http://info.pref.fukui.jp/tisan/sangakukan/jitsuwafukui/medical/136.html
瓦で織る壁「Woven Ceramic」,,住宅・家電,株式会社吉光工業,http://info.pref.fukui.jp/tisan/sangakukan/jitsuwafukui/images/ceramic/yoshimitsu02.jpg,目を引き、目線を遮り、風を通す。平織り様の装飾瓦。特許取得。,「越前瓦で福井の繊維を表現したい」の言葉から始まったプロジェクトで生まれた商品です。150角のメッシュ筋を下地とし、幅293mmの瓦を組み合わせて平織り様の意匠を形成します。表も裏も見栄え良く、ゆるやかな曲面も形成できます。独自の構造と形状で、特許取得しています。（第6810942号）1200℃前後の高温で還元焼成される越前瓦は、吸水率が5％以下（JIS規格12％以下）と極めて低く、北海道を含めた日本全国で使用可能です。自然素材・焼物特有の揺らぎは、優しくも落ち着きのある高級感を演出。不燃素材であるため外装でも内装でも使用できます。,http://info.pref.fukui.jp/tisan/sangakukan/jitsuwafukui/housing/87.html
レトルト食品や医療用点滴バッグ製造用滅菌・搬送装置,,機械・ロボット,株式会社ルネッサ,http://info.pref.fukui.jp/tisan/sangakukan/jitsuwafukui/images/machine/runessa02.jpg,医療用点滴バッグ滅菌システム国内シェア80％。産業用機械ニッチトップメーカーへ納入。,レトルト食品や医療用点滴バッグの滅菌を行う滅菌釜装置と、搬送までの装置を「全自動システム」として提供することで、人手不足の解消や生産性の向上のみならず、食品・医療業界で求められる衛生度の高い製品の生産を実現しています。レトルト食品や医薬品の形状や大きさは多種多様であるため、それぞれの製品に合わせて搬送システムを練り上げ、設計、製造、納品、運転後の管理まで根気強く顧客のニーズに対応。その技術力に、食品業界、医薬品業界では名の知れた企業となっています。,http://info.pref.fukui.jp/tisan/sangakukan/jitsuwafukui/machine/121.html
